-- phpMyAdmin SQL Dump
-- version 4.6.6
-- https://www.phpmyadmin.net/
--
-- Client :  localhost
-- Généré le :  Mar 03 Juillet 2018 à 18:44
-- Version du serveur :  5.7.17-log
-- Version de PHP :  7.1.1

SET SQL_MODE = "NO_AUTO_VALUE_ON_ZERO";
SET time_zone = "+00:00";


/*!40101 SET @OLD_CHARACTER_SET_CLIENT=@@CHARACTER_SET_CLIENT */;
/*!40101 SET @OLD_CHARACTER_SET_RESULTS=@@CHARACTER_SET_RESULTS */;
/*!40101 SET @OLD_COLLATION_CONNECTION=@@COLLATION_CONNECTION */;
/*!40101 SET NAMES utf8mb4 */;

--
-- Base de données :  `pizza`
--

-- --------------------------------------------------------

--
-- Structure de la table `commande`
--

CREATE TABLE `commande` (
  `id` int(11) NOT NULL,
  `adresse` longtext COLLATE utf8mb4_unicode_ci NOT NULL,
  `nom` varchar(255) COLLATE utf8mb4_unicode_ci NOT NULL,
  `telephone` varchar(255) COLLATE utf8mb4_unicode_ci NOT NULL,
  `status` tinyint(1) NOT NULL
) ENGINE=InnoDB DEFAULT CHARSET=utf8mb4 COLLATE=utf8mb4_unicode_ci;

--
-- Contenu de la table `commande`
--

INSERT INTO `commande` (`id`, `adresse`, `nom`, `telephone`, `status`) VALUES
(1, 'Cité Zerkouni 2 Apt H n9', 'Zouhair Loucif', '+212675790846', 0),
(2, 'Cité Zerkouni 2 Apt H n9', 'Zouhair Loucif', '+212675790846', 0),
(3, 'Cité Zerkouni 2 Apt H n9', 'Zouhair Loucif', '+212675790846', 0),
(4, 'Cité Zerkouni 2 Apt H n9', 'Zouhair Loucif', '+212675790846', 0);

-- --------------------------------------------------------

--
-- Structure de la table `commande_pizza`
--

CREATE TABLE `commande_pizza` (
  `commande_id` int(11) NOT NULL,
  `pizza_id` int(11) NOT NULL
) ENGINE=InnoDB DEFAULT CHARSET=utf8mb4 COLLATE=utf8mb4_unicode_ci;

--
-- Contenu de la table `commande_pizza`
--

INSERT INTO `commande_pizza` (`commande_id`, `pizza_id`) VALUES
(1, 998),
(2, 998),
(3, 998),
(4, 998);

-- --------------------------------------------------------

--
-- Structure de la table `fos_user`
--

CREATE TABLE `fos_user` (
  `id` int(11) NOT NULL,
  `username` varchar(180) COLLATE utf8mb4_unicode_ci NOT NULL,
  `username_canonical` varchar(180) COLLATE utf8mb4_unicode_ci NOT NULL,
  `email` varchar(180) COLLATE utf8mb4_unicode_ci NOT NULL,
  `email_canonical` varchar(180) COLLATE utf8mb4_unicode_ci NOT NULL,
  `enabled` tinyint(1) NOT NULL,
  `salt` varchar(255) COLLATE utf8mb4_unicode_ci DEFAULT NULL,
  `password` varchar(255) COLLATE utf8mb4_unicode_ci NOT NULL,
  `last_login` datetime DEFAULT NULL,
  `confirmation_token` varchar(180) COLLATE utf8mb4_unicode_ci DEFAULT NULL,
  `password_requested_at` datetime DEFAULT NULL,
  `roles` longtext COLLATE utf8mb4_unicode_ci NOT NULL COMMENT '(DC2Type:array)'
) ENGINE=InnoDB DEFAULT CHARSET=utf8mb4 COLLATE=utf8mb4_unicode_ci;

--
-- Contenu de la table `fos_user`
--

INSERT INTO `fos_user` (`id`, `username`, `username_canonical`, `email`, `email_canonical`, `enabled`, `salt`, `password`, `last_login`, `confirmation_token`, `password_requested_at`, `roles`) VALUES
(1, 'admin', 'admin', 'zouhirloucif@live.fr', 'zouhirloucif@live.fr', 1, NULL, '$2y$13$00vxYGVnQVaLS/ZuF00WbeXoXe2MVjGcLMMv19ifp.1.J6VyJQrIG', '2018-07-03 16:48:01', NULL, NULL, 'a:1:{i:0;s:10:\"ROLE_ADMIN\";}');

-- --------------------------------------------------------

--
-- Structure de la table `ingredient`
--

CREATE TABLE `ingredient` (
  `id` int(11) NOT NULL,
  `name` varchar(255) COLLATE utf8mb4_unicode_ci NOT NULL
) ENGINE=InnoDB DEFAULT CHARSET=utf8mb4 COLLATE=utf8mb4_unicode_ci;

--
-- Contenu de la table `ingredient`
--

INSERT INTO `ingredient` (`id`, `name`) VALUES
(1, 'Mozarella'),
(2, 'Wassup'),
(3, 'qsdqsdqsd'),
(4, 'Parmesan'),
(5, 'ingredient jdid'),
(6, 'Mozarella'),
(7, 'Mozarella'),
(8, 'Parmesan'),
(9, 'Mozarella'),
(10, 'Mozarella'),
(11, 'Mozarella'),
(12, 'Parmesan'),
(13, 'Mozarella'),
(14, 'Parmesan');

-- --------------------------------------------------------

--
-- Structure de la table `pizza`
--

CREATE TABLE `pizza` (
  `id` int(11) NOT NULL,
  `name` varchar(255) COLLATE utf8mb4_unicode_ci NOT NULL,
  `description` longtext COLLATE utf8mb4_unicode_ci NOT NULL,
  `price` double NOT NULL
) ENGINE=InnoDB DEFAULT CHARSET=utf8mb4 COLLATE=utf8mb4_unicode_ci;

--
-- Contenu de la table `pizza`
--

INSERT INTO `pizza` (`id`, `name`, `description`, `price`) VALUES
(1, '4 fromages', 'Pour les fans de fromage', 32.2),
(3, 'Margarita', 'Pizza avec Fromage', 20),
(6, 'Margarita', 'Pizza avec Fromage', 20),
(7, '4 fromages', 'Pour les fans de fromage', 32.2),
(8, 'Margarita', 'Pizza avec Fromage', 25),
(9, 'Margarita', 'Pizza avec Fromage', 25),
(10, 'Margarita', 'Pizza avec Fromage', 55),
(11, 'Pizza Nabil', 'Nabil bl banane', 2),
(12, 'Pizza Nabil', 'Nabil bl banane', 25),
(13, 'Pizza Nabil', 'Nabil bl banane', 25),
(14, 'Margarita', 'Pizza avec Fromage', 20),
(15, 'Margarita', 'Pizza avec Fromage', 20),
(16, 'Pizza Nabil', 'Pizza avec Fromage', 20),
(17, 'Pizza Nabil', 'Pizza avec Fromage', 20),
(18, 'Pizza Nabil', 'Pizza avec Fromage', 20),
(19, 'Pizza Nabil', 'Pizza avec Fromage', 20),
(20, 'Pizza Nabil', 'Pizza avec Fromage', 20),
(21, 'Pizza Nabil', 'Pizza avec Fromage', 20),
(22, 'Pizza Nabil', 'Pizza avec Fromage', 20),
(23, 'Margarita', 'Pizza avec Fromage', 25),
(24, 'Margarita', 'Pizza avec Fromage', 25),
(25, 'Margarita', 'Pizza avec Fromage', 25),
(26, 'Margarita', 'Pizza avec Fromage', 25),
(27, 'Margarita', 'Pizza avec Fromage', 25),
(28, 'Margarita', 'Pizza avec Fromage', 25),
(29, 'Margarita', 'Pizza avec Fromage', 25),
(30, 'Margarita', 'Pizza avec Fromage', 25),
(31, 'Margarita', 'Pizza avec Fromage', 25),
(32, 'Margarita', 'Pizza avec Fromage', 25),
(33, 'Margarita', 'Pizza avec Fromage', 25),
(34, 'Margarita', 'Pizza avec Fromage', 25),
(35, 'Margarita', 'Pizza avec Fromage', 25),
(36, 'Margarita', 'Pizza avec Fromage', 25),
(37, 'Margarita', 'Pizza avec Fromage', 25),
(38, 'Margarita', 'Pizza avec Fromage', 25),
(39, 'Margarita', 'Pizza avec Fromage', 25),
(40, 'Margarita', 'Pizza avec Fromage', 25),
(41, 'Margarita', 'Pizza avec Fromage', 25),
(42, 'Margarita', 'Pizza avec Fromage', 25),
(43, 'Margarita', 'Pizza avec Fromage', 25),
(44, 'Margarita', 'Pizza avec Fromage', 25),
(45, 'Margarita', 'Pizza avec Fromage', 25),
(46, 'Margarita', 'Pizza avec Fromage', 25),
(47, 'Margarita', 'Pizza avec Fromage', 25),
(48, 'Margarita', 'Pizza avec Fromage', 25),
(49, 'Margarita', 'Pizza avec Fromage', 25),
(50, 'Margarita', 'Pizza avec Fromage', 25),
(51, 'Margarita', 'Pizza avec Fromage', 25),
(52, 'Margarita', 'Pizza avec Fromage', 25),
(53, 'Margarita', 'Pizza avec Fromage', 25),
(54, 'Margarita', 'Pizza avec Fromage', 25),
(55, 'Margarita', 'Pizza avec Fromage', 25),
(56, 'Margarita', 'Pizza avec Fromage', 25),
(57, 'Margarita', 'Pizza avec Fromage', 25),
(58, 'Margarita', 'Pizza avec Fromage', 25),
(59, 'Margarita', 'Pizza avec Fromage', 25),
(60, 'Margarita', 'Pizza avec Fromage', 25),
(61, 'Margarita', 'Pizza avec Fromage', 25),
(62, 'Margarita', 'Pizza avec Fromage', 25),
(63, 'Margarita', 'Pizza avec Fromage', 25),
(64, 'Margarita', 'Pizza avec Fromage', 25),
(65, 'Margarita', 'Pizza avec Fromage', 25),
(66, 'Margarita', 'Pizza avec Fromage', 25),
(67, 'Margarita', 'Pizza avec Fromage', 25),
(68, 'Margarita', 'Pizza avec Fromage', 25),
(69, 'Margarita', 'Pizza avec Fromage', 25),
(70, 'Margarita', 'Pizza avec Fromage', 25),
(71, 'Margarita', 'Pizza avec Fromage', 25),
(72, 'Margarita', 'Pizza avec Fromage', 25),
(73, 'Margarita', 'Pizza avec Fromage', 25),
(74, 'Margarita', 'Pizza avec Fromage', 25),
(75, 'Margarita', 'Pizza avec Fromage', 25),
(76, 'Margarita', 'Pizza avec Fromage', 25),
(77, 'Margarita', 'Pizza avec Fromage', 25),
(78, 'Margarita', 'Pizza avec Fromage', 25),
(79, 'Margarita', 'Pizza avec Fromage', 25),
(80, 'Margarita', 'Pizza avec Fromage', 25),
(81, 'Margarita', 'Pizza avec Fromage', 25),
(82, 'Margarita', 'Pizza avec Fromage', 25),
(83, 'Margarita', 'Pizza avec Fromage', 25),
(84, 'Margarita', 'Pizza avec Fromage', 25),
(85, 'Margarita', 'Pizza avec Fromage', 25),
(86, 'Margarita', 'Pizza avec Fromage', 25),
(87, 'Margarita', 'Pizza avec Fromage', 25),
(88, 'Margarita', 'Pizza avec Fromage', 25),
(89, 'Margarita', 'Pizza avec Fromage', 25),
(90, 'Margarita', 'Pizza avec Fromage', 25),
(91, 'Margarita', 'Pizza avec Fromage', 25),
(92, 'Margarita', 'Pizza avec Fromage', 25),
(93, 'Margarita', 'Pizza avec Fromage', 25),
(94, 'Margarita', 'Pizza avec Fromage', 25),
(95, 'Margarita', 'Pizza avec Fromage', 25),
(96, 'Margarita', 'Pizza avec Fromage', 25),
(97, 'Margarita', 'Pizza avec Fromage', 25),
(98, 'Margarita', 'Pizza avec Fromage', 25),
(99, 'Margarita', 'Pizza avec Fromage', 25),
(100, 'Margarita', 'Pizza avec Fromage', 25),
(101, 'Margarita', 'Pizza avec Fromage', 25),
(102, 'Margarita', 'Pizza avec Fromage', 25),
(103, 'Margarita', 'Pizza avec Fromage', 25),
(104, 'Margarita', 'Pizza avec Fromage', 25),
(105, 'Margarita', 'Pizza avec Fromage', 25),
(106, 'Margarita', 'Pizza avec Fromage', 25),
(107, 'Margarita', 'Pizza avec Fromage', 25),
(108, 'Margarita', 'Pizza avec Fromage', 25),
(109, 'Margarita', 'Pizza avec Fromage', 25),
(110, 'Margarita', 'Pizza avec Fromage', 25),
(111, 'Margarita', 'Pizza avec Fromage', 25),
(112, 'Margarita', 'Pizza avec Fromage', 25),
(113, 'Margarita', 'Pizza avec Fromage', 25),
(114, 'Margarita', 'Pizza avec Fromage', 25),
(115, 'Margarita', 'Pizza avec Fromage', 25),
(116, 'Margarita', 'Pizza avec Fromage', 25),
(117, 'Margarita', 'Pizza avec Fromage', 25),
(118, 'Margarita', 'Pizza avec Fromage', 25),
(119, 'Margarita', 'Pizza avec Fromage', 25),
(120, 'Margarita', 'Pizza avec Fromage', 25),
(121, 'Margarita', 'Pizza avec Fromage', 25),
(122, 'Margarita', 'Pizza avec Fromage', 25),
(123, 'Margarita', 'Pizza avec Fromage', 25),
(124, 'Margarita', 'Pizza avec Fromage', 25),
(125, 'Margarita', 'Pizza avec Fromage', 25),
(126, 'Margarita', 'Pizza avec Fromage', 25),
(127, 'Margarita', 'Pizza avec Fromage', 25),
(128, 'Margarita', 'Pizza avec Fromage', 25),
(129, 'Margarita', 'Pizza avec Fromage', 25),
(130, 'Margarita', 'Pizza avec Fromage', 25),
(131, 'Margarita', 'Pizza avec Fromage', 25),
(132, 'Margarita', 'Pizza avec Fromage', 25),
(133, 'Margarita', 'Pizza avec Fromage', 25),
(134, 'Margarita', 'Pizza avec Fromage', 25),
(135, 'Margarita', 'Pizza avec Fromage', 25),
(136, 'Margarita', 'Pizza avec Fromage', 25),
(137, 'Margarita', 'Pizza avec Fromage', 25),
(138, 'Margarita', 'Pizza avec Fromage', 25),
(139, 'Margarita', 'Pizza avec Fromage', 25),
(140, 'Margarita', 'Pizza avec Fromage', 25),
(141, 'Margarita', 'Pizza avec Fromage', 25),
(142, 'Margarita', 'Pizza avec Fromage', 25),
(143, 'Margarita', 'Pizza avec Fromage', 25),
(144, 'Margarita', 'Pizza avec Fromage', 25),
(145, 'Margarita', 'Pizza avec Fromage', 25),
(146, 'Margarita', 'Pizza avec Fromage', 25),
(147, 'Margarita', 'Pizza avec Fromage', 25),
(148, 'Margarita', 'Pizza avec Fromage', 25),
(149, 'Margarita', 'Pizza avec Fromage', 25),
(150, 'Margarita', 'Pizza avec Fromage', 25),
(151, 'Margarita', 'Pizza avec Fromage', 25),
(152, 'Margarita', 'Pizza avec Fromage', 25),
(153, 'Margarita', 'Pizza avec Fromage', 25),
(154, 'Margarita', 'Pizza avec Fromage', 25),
(155, 'Margarita', 'Pizza avec Fromage', 25),
(156, 'Margarita', 'Pizza avec Fromage', 25),
(157, 'Margarita', 'Pizza avec Fromage', 25),
(158, 'Margarita', 'Pizza avec Fromage', 25),
(159, 'Margarita', 'Pizza avec Fromage', 25),
(160, 'Margarita', 'Pizza avec Fromage', 25),
(161, 'Margarita', 'Pizza avec Fromage', 25),
(162, 'Margarita', 'Pizza avec Fromage', 25),
(163, 'Margarita', 'Pizza avec Fromage', 25),
(164, 'Margarita', 'Pizza avec Fromage', 25),
(165, 'Margarita', 'Pizza avec Fromage', 25),
(166, 'Margarita', 'Pizza avec Fromage', 25),
(167, 'Margarita', 'Pizza avec Fromage', 25),
(168, 'Margarita', 'Pizza avec Fromage', 25),
(169, 'Margarita', 'Pizza avec Fromage', 25),
(170, 'Margarita', 'Pizza avec Fromage', 25),
(171, 'Margarita', 'Pizza avec Fromage', 25),
(172, 'Margarita', 'Pizza avec Fromage', 25),
(173, 'Margarita', 'Pizza avec Fromage', 25),
(174, 'Margarita', 'Pizza avec Fromage', 25),
(175, 'Margarita', 'Pizza avec Fromage', 25),
(176, 'Margarita', 'Pizza avec Fromage', 25),
(177, 'Margarita', 'Pizza avec Fromage', 25),
(178, 'Margarita', 'Pizza avec Fromage', 25),
(179, 'Margarita', 'Pizza avec Fromage', 25),
(180, 'Margarita', 'Pizza avec Fromage', 25),
(181, 'Margarita', 'Pizza avec Fromage', 25),
(182, 'Margarita', 'Pizza avec Fromage', 25),
(183, 'Margarita', 'Pizza avec Fromage', 25),
(184, 'Margarita', 'Pizza avec Fromage', 25),
(185, 'Margarita', 'Pizza avec Fromage', 25),
(186, 'Margarita', 'Pizza avec Fromage', 25),
(187, 'Margarita', 'Pizza avec Fromage', 25),
(188, 'Margarita', 'Pizza avec Fromage', 25),
(189, 'Margarita', 'Pizza avec Fromage', 25),
(190, 'Margarita', 'Pizza avec Fromage', 25),
(191, 'Margarita', 'Pizza avec Fromage', 25),
(192, 'Margarita', 'Pizza avec Fromage', 25),
(193, 'Margarita', 'Pizza avec Fromage', 25),
(194, 'Margarita', 'Pizza avec Fromage', 25),
(195, 'Margarita', 'Pizza avec Fromage', 25),
(196, 'Margarita', 'Pizza avec Fromage', 25),
(197, 'Margarita', 'Pizza avec Fromage', 25),
(198, 'Margarita', 'Pizza avec Fromage', 25),
(199, 'Margarita', 'Pizza avec Fromage', 25),
(200, 'Margarita', 'Pizza avec Fromage', 25),
(201, 'Margarita', 'Pizza avec Fromage', 25),
(202, 'Margarita', 'Pizza avec Fromage', 25),
(203, 'Margarita', 'Pizza avec Fromage', 25),
(204, 'Margarita', 'Pizza avec Fromage', 25),
(205, 'Margarita', 'Pizza avec Fromage', 25),
(206, 'Margarita', 'Pizza avec Fromage', 25),
(207, 'Margarita', 'Pizza avec Fromage', 25),
(208, 'Margarita', 'Pizza avec Fromage', 25),
(209, 'Margarita', 'Pizza avec Fromage', 25),
(210, 'Margarita', 'Pizza avec Fromage', 25),
(211, 'Margarita', 'Pizza avec Fromage', 25),
(212, 'Margarita', 'Pizza avec Fromage', 25),
(213, 'Margarita', 'Pizza avec Fromage', 25),
(214, 'Margarita', 'Pizza avec Fromage', 25),
(215, 'Margarita', 'Pizza avec Fromage', 25),
(216, 'Margarita', 'Pizza avec Fromage', 25),
(217, 'Margarita', 'Pizza avec Fromage', 25),
(218, 'Margarita', 'Pizza avec Fromage', 25),
(219, 'Margarita', 'Pizza avec Fromage', 25),
(220, 'Margarita', 'Pizza avec Fromage', 25),
(221, 'Margarita', 'Pizza avec Fromage', 25),
(222, 'Margarita', 'Pizza avec Fromage', 25),
(223, 'Margarita', 'Pizza avec Fromage', 25),
(224, 'Margarita', 'Pizza avec Fromage', 25),
(225, 'Margarita', 'Pizza avec Fromage', 25),
(226, 'Margarita', 'Pizza avec Fromage', 25),
(227, 'Margarita', 'Pizza avec Fromage', 25),
(228, 'Margarita', 'Pizza avec Fromage', 25),
(229, 'Margarita', 'Pizza avec Fromage', 25),
(230, 'Margarita', 'Pizza avec Fromage', 25),
(231, 'Margarita', 'Pizza avec Fromage', 25),
(232, 'Margarita', 'Pizza avec Fromage', 25),
(233, 'Margarita', 'Pizza avec Fromage', 25),
(234, 'Margarita', 'Pizza avec Fromage', 25),
(235, 'Margarita', 'Pizza avec Fromage', 25),
(236, 'Margarita', 'Pizza avec Fromage', 25),
(237, 'Margarita', 'Pizza avec Fromage', 25),
(238, 'Margarita', 'Pizza avec Fromage', 25),
(239, 'Margarita', 'Pizza avec Fromage', 25),
(240, 'Margarita', 'Pizza avec Fromage', 25),
(241, 'Margarita', 'Pizza avec Fromage', 25),
(242, 'Margarita', 'Pizza avec Fromage', 25),
(243, 'Margarita', 'Pizza avec Fromage', 25),
(244, 'Margarita', 'Pizza avec Fromage', 25),
(245, 'Margarita', 'Pizza avec Fromage', 25),
(246, 'Margarita', 'Pizza avec Fromage', 25),
(247, 'Margarita', 'Pizza avec Fromage', 25),
(248, 'Margarita', 'Pizza avec Fromage', 25),
(249, 'Margarita', 'Pizza avec Fromage', 25),
(250, 'Margarita', 'Pizza avec Fromage', 25),
(251, 'Margarita', 'Pizza avec Fromage', 25),
(252, 'Margarita', 'Pizza avec Fromage', 25),
(253, 'Margarita', 'Pizza avec Fromage', 25),
(254, 'Margarita', 'Pizza avec Fromage', 25),
(255, 'Margarita', 'Pizza avec Fromage', 25),
(256, 'Margarita', 'Pizza avec Fromage', 25),
(257, 'Margarita', 'Pizza avec Fromage', 25),
(258, 'Margarita', 'Pizza avec Fromage', 25),
(259, 'Margarita', 'Pizza avec Fromage', 25),
(260, 'Margarita', 'Pizza avec Fromage', 25),
(261, 'Margarita', 'Pizza avec Fromage', 25),
(262, 'Margarita', 'Pizza avec Fromage', 25),
(263, 'Margarita', 'Pizza avec Fromage', 25),
(264, 'Margarita', 'Pizza avec Fromage', 25),
(265, 'Margarita', 'Pizza avec Fromage', 25),
(266, 'Margarita', 'Pizza avec Fromage', 25),
(267, 'Margarita', 'Pizza avec Fromage', 25),
(268, 'Margarita', 'Pizza avec Fromage', 25),
(269, 'Margarita', 'Pizza avec Fromage', 25),
(270, 'Margarita', 'Pizza avec Fromage', 25),
(271, 'Margarita', 'Pizza avec Fromage', 25),
(272, 'Margarita', 'Pizza avec Fromage', 25),
(273, 'Margarita', 'Pizza avec Fromage', 25),
(274, 'Margarita', 'Pizza avec Fromage', 25),
(275, 'Margarita', 'Pizza avec Fromage', 25),
(276, 'Margarita', 'Pizza avec Fromage', 25),
(277, 'Margarita', 'Pizza avec Fromage', 25),
(278, 'Margarita', 'Pizza avec Fromage', 25),
(279, 'Margarita', 'Pizza avec Fromage', 25),
(280, 'Margarita', 'Pizza avec Fromage', 25),
(281, 'Margarita', 'Pizza avec Fromage', 25),
(282, 'Margarita', 'Pizza avec Fromage', 25),
(283, 'Margarita', 'Pizza avec Fromage', 25),
(284, 'Margarita', 'Pizza avec Fromage', 25),
(285, 'Margarita', 'Pizza avec Fromage', 25),
(286, 'Margarita', 'Pizza avec Fromage', 25),
(287, 'Margarita', 'Pizza avec Fromage', 25),
(288, 'Margarita', 'Pizza avec Fromage', 25),
(289, 'Margarita', 'Pizza avec Fromage', 25),
(290, 'Margarita', 'Pizza avec Fromage', 25),
(291, 'Margarita', 'Pizza avec Fromage', 25),
(292, 'Margarita', 'Pizza avec Fromage', 25),
(293, 'Margarita', 'Pizza avec Fromage', 25),
(294, 'Margarita', 'Pizza avec Fromage', 25),
(295, 'Margarita', 'Pizza avec Fromage', 25),
(296, 'Margarita', 'Pizza avec Fromage', 25),
(297, 'Margarita', 'Pizza avec Fromage', 25),
(298, 'Margarita', 'Pizza avec Fromage', 25),
(299, 'Margarita', 'Pizza avec Fromage', 25),
(300, 'Margarita', 'Pizza avec Fromage', 25),
(301, 'Margarita', 'Pizza avec Fromage', 25),
(302, 'Margarita', 'Pizza avec Fromage', 25),
(303, 'Margarita', 'Pizza avec Fromage', 25),
(304, 'Margarita', 'Pizza avec Fromage', 25),
(305, 'Margarita', 'Pizza avec Fromage', 25),
(306, 'Margarita', 'Pizza avec Fromage', 25),
(307, 'Margarita', 'Pizza avec Fromage', 25),
(308, 'Margarita', 'Pizza avec Fromage', 25),
(309, 'Margarita', 'Pizza avec Fromage', 25),
(310, 'Margarita', 'Pizza avec Fromage', 25),
(311, 'Margarita', 'Pizza avec Fromage', 25),
(312, 'Margarita', 'Pizza avec Fromage', 25),
(313, 'Margarita', 'Pizza avec Fromage', 25),
(314, 'Margarita', 'Pizza avec Fromage', 25),
(315, 'Margarita', 'Pizza avec Fromage', 25),
(316, 'Margarita', 'Pizza avec Fromage', 25),
(317, 'Margarita', 'Pizza avec Fromage', 25),
(318, 'Margarita', 'Pizza avec Fromage', 25),
(319, 'Margarita', 'Pizza avec Fromage', 25),
(320, 'Margarita', 'Pizza avec Fromage', 25),
(321, 'Margarita', 'Pizza avec Fromage', 25),
(322, 'Margarita', 'Pizza avec Fromage', 25),
(323, 'Margarita', 'Pizza avec Fromage', 25),
(324, 'Margarita', 'Pizza avec Fromage', 25),
(325, 'Margarita', 'Pizza avec Fromage', 25),
(326, 'Margarita', 'Pizza avec Fromage', 25),
(327, 'Margarita', 'Pizza avec Fromage', 25),
(328, 'Margarita', 'Pizza avec Fromage', 25),
(329, 'Margarita', 'Pizza avec Fromage', 25),
(330, 'Margarita', 'Pizza avec Fromage', 25),
(331, 'Margarita', 'Pizza avec Fromage', 25),
(332, 'Margarita', 'Pizza avec Fromage', 25),
(333, 'Margarita', 'Pizza avec Fromage', 25),
(334, 'Margarita', 'Pizza avec Fromage', 25),
(335, 'Margarita', 'Pizza avec Fromage', 25),
(336, 'Margarita', 'Pizza avec Fromage', 25),
(337, 'Margarita', 'Pizza avec Fromage', 25),
(338, 'Margarita', 'Pizza avec Fromage', 25),
(339, 'Margarita', 'Pizza avec Fromage', 25),
(340, 'Margarita', 'Pizza avec Fromage', 25),
(341, 'Margarita', 'Pizza avec Fromage', 25),
(342, 'Margarita', 'Pizza avec Fromage', 25),
(343, 'Margarita', 'Pizza avec Fromage', 25),
(344, 'Margarita', 'Pizza avec Fromage', 25),
(345, 'Margarita', 'Pizza avec Fromage', 25),
(346, 'Margarita', 'Pizza avec Fromage', 25),
(347, 'Margarita', 'Pizza avec Fromage', 25),
(348, 'Margarita', 'Pizza avec Fromage', 25),
(349, 'Margarita', 'Pizza avec Fromage', 25),
(350, 'Margarita', 'Pizza avec Fromage', 25),
(351, 'Margarita', 'Pizza avec Fromage', 25),
(352, 'Margarita', 'Pizza avec Fromage', 25),
(353, 'Margarita', 'Pizza avec Fromage', 25),
(354, 'Margarita', 'Pizza avec Fromage', 25),
(355, 'Margarita', 'Pizza avec Fromage', 25),
(356, 'Margarita', 'Pizza avec Fromage', 25),
(357, 'Margarita', 'Pizza avec Fromage', 25),
(358, 'Margarita', 'Pizza avec Fromage', 25),
(359, 'Margarita', 'Pizza avec Fromage', 25),
(360, 'Margarita', 'Pizza avec Fromage', 25),
(361, 'Margarita', 'Pizza avec Fromage', 25),
(362, 'Margarita', 'Pizza avec Fromage', 25),
(363, 'Margarita', 'Pizza avec Fromage', 25),
(364, 'Margarita', 'Pizza avec Fromage', 25),
(365, 'Margarita', 'Pizza avec Fromage', 25),
(366, 'Margarita', 'Pizza avec Fromage', 25),
(367, 'Margarita', 'Pizza avec Fromage', 25),
(368, 'Margarita', 'Pizza avec Fromage', 25),
(369, 'Margarita', 'Pizza avec Fromage', 25),
(370, 'Margarita', 'Pizza avec Fromage', 25),
(371, 'Margarita', 'Pizza avec Fromage', 25),
(372, 'Margarita', 'Pizza avec Fromage', 25),
(373, 'Margarita', 'Pizza avec Fromage', 25),
(374, 'Margarita', 'Pizza avec Fromage', 25),
(375, 'Margarita', 'Pizza avec Fromage', 25),
(376, 'Margarita', 'Pizza avec Fromage', 25),
(377, 'Margarita', 'Pizza avec Fromage', 25),
(378, 'Margarita', 'Pizza avec Fromage', 25),
(379, 'Margarita', 'Pizza avec Fromage', 25),
(380, 'Margarita', 'Pizza avec Fromage', 25),
(381, 'Margarita', 'Pizza avec Fromage', 25),
(382, 'Margarita', 'Pizza avec Fromage', 25),
(383, 'Margarita', 'Pizza avec Fromage', 25),
(384, 'Margarita', 'Pizza avec Fromage', 25),
(385, 'Margarita', 'Pizza avec Fromage', 25),
(386, 'Margarita', 'Pizza avec Fromage', 25),
(387, 'Margarita', 'Pizza avec Fromage', 25),
(388, 'Margarita', 'Pizza avec Fromage', 25),
(389, 'Margarita', 'Pizza avec Fromage', 25),
(390, 'Margarita', 'Pizza avec Fromage', 25),
(391, 'Margarita', 'Pizza avec Fromage', 25),
(392, 'Margarita', 'Pizza avec Fromage', 25),
(393, 'Margarita', 'Pizza avec Fromage', 25),
(394, 'Margarita', 'Pizza avec Fromage', 25),
(395, 'Margarita', 'Pizza avec Fromage', 25),
(396, 'Margarita', 'Pizza avec Fromage', 25),
(397, 'Margarita', 'Pizza avec Fromage', 25),
(398, 'Margarita', 'Pizza avec Fromage', 25),
(399, 'Margarita', 'Pizza avec Fromage', 25),
(400, 'Margarita', 'Pizza avec Fromage', 25),
(401, 'Margarita', 'Pizza avec Fromage', 25),
(402, 'Margarita', 'Pizza avec Fromage', 25),
(403, 'Margarita', 'Pizza avec Fromage', 25),
(404, 'Margarita', 'Pizza avec Fromage', 25),
(405, 'Margarita', 'Pizza avec Fromage', 25),
(406, 'Margarita', 'Pizza avec Fromage', 25),
(407, 'Margarita', 'Pizza avec Fromage', 25),
(408, 'Margarita', 'Pizza avec Fromage', 25),
(409, 'Margarita', 'Pizza avec Fromage', 25),
(410, 'Margarita', 'Pizza avec Fromage', 25),
(411, 'Margarita', 'Pizza avec Fromage', 25),
(412, 'Margarita', 'Pizza avec Fromage', 25),
(413, 'Margarita', 'Pizza avec Fromage', 25),
(414, 'Margarita', 'Pizza avec Fromage', 25),
(415, 'Margarita', 'Pizza avec Fromage', 25),
(416, 'Margarita', 'Pizza avec Fromage', 25),
(417, 'Margarita', 'Pizza avec Fromage', 25),
(418, 'Margarita', 'Pizza avec Fromage', 25),
(419, 'Margarita', 'Pizza avec Fromage', 25),
(420, 'Margarita', 'Pizza avec Fromage', 25),
(421, 'Margarita', 'Pizza avec Fromage', 25),
(422, 'Margarita', 'Pizza avec Fromage', 25),
(423, 'Margarita', 'Pizza avec Fromage', 25),
(424, 'Margarita', 'Pizza avec Fromage', 25),
(425, 'Margarita', 'Pizza avec Fromage', 25),
(426, 'Margarita', 'Pizza avec Fromage', 25),
(427, 'Margarita', 'Pizza avec Fromage', 25),
(428, 'Margarita', 'Pizza avec Fromage', 25),
(429, 'Margarita', 'Pizza avec Fromage', 25),
(430, 'Margarita', 'Pizza avec Fromage', 25),
(431, 'Margarita', 'Pizza avec Fromage', 25),
(432, 'Margarita', 'Pizza avec Fromage', 25),
(433, 'Margarita', 'Pizza avec Fromage', 25),
(434, 'Margarita', 'Pizza avec Fromage', 25),
(435, 'Margarita', 'Pizza avec Fromage', 25),
(436, 'Margarita', 'Pizza avec Fromage', 25),
(437, 'Margarita', 'Pizza avec Fromage', 25),
(438, 'Margarita', 'Pizza avec Fromage', 25),
(439, 'Margarita', 'Pizza avec Fromage', 25),
(440, 'Margarita', 'Pizza avec Fromage', 25),
(441, 'Margarita', 'Pizza avec Fromage', 25),
(442, 'Margarita', 'Pizza avec Fromage', 25),
(443, 'Margarita', 'Pizza avec Fromage', 25),
(444, 'Margarita', 'Pizza avec Fromage', 25),
(445, 'Margarita', 'Pizza avec Fromage', 25),
(446, 'Margarita', 'Pizza avec Fromage', 25),
(447, 'Margarita', 'Pizza avec Fromage', 25),
(448, 'Margarita', 'Pizza avec Fromage', 25),
(449, 'Margarita', 'Pizza avec Fromage', 25),
(450, 'Margarita', 'Pizza avec Fromage', 25),
(451, 'Margarita', 'Pizza avec Fromage', 25),
(452, 'Margarita', 'Pizza avec Fromage', 25),
(453, 'Margarita', 'Pizza avec Fromage', 25),
(454, 'Margarita', 'Pizza avec Fromage', 25),
(455, 'Margarita', 'Pizza avec Fromage', 25),
(456, 'Margarita', 'Pizza avec Fromage', 25),
(457, 'Margarita', 'Pizza avec Fromage', 25),
(458, 'Margarita', 'Pizza avec Fromage', 25),
(459, 'Margarita', 'Pizza avec Fromage', 25),
(460, 'Margarita', 'Pizza avec Fromage', 25),
(461, 'Margarita', 'Pizza avec Fromage', 25),
(462, 'Margarita', 'Pizza avec Fromage', 25),
(463, 'Margarita', 'Pizza avec Fromage', 25),
(464, 'Margarita', 'Pizza avec Fromage', 25),
(465, 'Margarita', 'Pizza avec Fromage', 25),
(466, 'Margarita', 'Pizza avec Fromage', 25),
(467, 'Margarita', 'Pizza avec Fromage', 25),
(468, 'Margarita', 'Pizza avec Fromage', 25),
(469, 'Margarita', 'Pizza avec Fromage', 25),
(470, 'Margarita', 'Pizza avec Fromage', 25),
(471, 'Margarita', 'Pizza avec Fromage', 25),
(472, 'Margarita', 'Pizza avec Fromage', 25),
(473, 'Margarita', 'Pizza avec Fromage', 25),
(474, 'Margarita', 'Pizza avec Fromage', 25),
(475, 'Margarita', 'Pizza avec Fromage', 25),
(476, 'Margarita', 'Pizza avec Fromage', 25),
(477, 'Margarita', 'Pizza avec Fromage', 25),
(478, 'Margarita', 'Pizza avec Fromage', 25),
(479, 'Margarita', 'Pizza avec Fromage', 25),
(480, 'Margarita', 'Pizza avec Fromage', 25),
(481, 'Margarita', 'Pizza avec Fromage', 25),
(482, 'Margarita', 'Pizza avec Fromage', 25),
(483, 'Margarita', 'Pizza avec Fromage', 25),
(484, 'Margarita', 'Pizza avec Fromage', 25),
(485, 'Margarita', 'Pizza avec Fromage', 25),
(486, 'Margarita', 'Pizza avec Fromage', 25),
(487, 'Margarita', 'Pizza avec Fromage', 25),
(488, 'Margarita', 'Pizza avec Fromage', 25),
(489, 'Margarita', 'Pizza avec Fromage', 25),
(490, 'Margarita', 'Pizza avec Fromage', 25),
(491, 'Margarita', 'Pizza avec Fromage', 25),
(492, 'Margarita', 'Pizza avec Fromage', 25),
(493, 'Margarita', 'Pizza avec Fromage', 25),
(494, 'Margarita', 'Pizza avec Fromage', 25),
(495, 'Margarita', 'Pizza avec Fromage', 25),
(496, 'Margarita', 'Pizza avec Fromage', 25),
(497, 'Margarita', 'Pizza avec Fromage', 25),
(498, 'Margarita', 'Pizza avec Fromage', 25),
(499, 'Margarita', 'Pizza avec Fromage', 25),
(500, 'Margarita', 'Pizza avec Fromage', 25),
(501, 'Margarita', 'Pizza avec Fromage', 25),
(502, 'Margarita', 'Pizza avec Fromage', 25),
(503, 'Margarita', 'Pizza avec Fromage', 25),
(504, 'Margarita', 'Pizza avec Fromage', 25),
(505, 'Margarita', 'Pizza avec Fromage', 25),
(506, 'Margarita', 'Pizza avec Fromage', 25),
(507, 'Margarita', 'Pizza avec Fromage', 25),
(508, 'Margarita', 'Pizza avec Fromage', 25),
(509, 'Margarita', 'Pizza avec Fromage', 25),
(510, 'Margarita', 'Pizza avec Fromage', 25),
(511, 'Margarita', 'Pizza avec Fromage', 25),
(512, 'Margarita', 'Pizza avec Fromage', 25),
(513, 'Margarita', 'Pizza avec Fromage', 25),
(514, 'Margarita', 'Pizza avec Fromage', 25),
(515, 'Margarita', 'Pizza avec Fromage', 25),
(516, 'Margarita', 'Pizza avec Fromage', 25),
(517, 'Margarita', 'Pizza avec Fromage', 25),
(518, 'Margarita', 'Pizza avec Fromage', 25),
(519, 'Margarita', 'Pizza avec Fromage', 25),
(520, 'Margarita', 'Pizza avec Fromage', 25),
(521, 'Margarita', 'Pizza avec Fromage', 25),
(522, 'Margarita', 'Pizza avec Fromage', 25),
(523, 'Margarita', 'Pizza avec Fromage', 25),
(524, 'Margarita', 'Pizza avec Fromage', 25),
(525, 'Margarita', 'Pizza avec Fromage', 25),
(526, 'Margarita', 'Pizza avec Fromage', 25),
(527, 'Margarita', 'Pizza avec Fromage', 25),
(528, 'Margarita', 'Pizza avec Fromage', 25),
(529, 'Margarita', 'Pizza avec Fromage', 25),
(530, 'Margarita', 'Pizza avec Fromage', 25),
(531, 'Margarita', 'Pizza avec Fromage', 25),
(532, 'Margarita', 'Pizza avec Fromage', 25),
(533, 'Margarita', 'Pizza avec Fromage', 25),
(534, 'Margarita', 'Pizza avec Fromage', 25),
(535, 'Margarita', 'Pizza avec Fromage', 25),
(536, 'Margarita', 'Pizza avec Fromage', 25),
(537, 'Margarita', 'Pizza avec Fromage', 25),
(538, 'Margarita', 'Pizza avec Fromage', 25),
(539, 'Margarita', 'Pizza avec Fromage', 25),
(540, 'Margarita', 'Pizza avec Fromage', 25),
(541, 'Margarita', 'Pizza avec Fromage', 25),
(542, 'Margarita', 'Pizza avec Fromage', 25),
(543, 'Margarita', 'Pizza avec Fromage', 25),
(544, 'Margarita', 'Pizza avec Fromage', 25),
(545, 'Margarita', 'Pizza avec Fromage', 25),
(546, 'Margarita', 'Pizza avec Fromage', 25),
(547, 'Margarita', 'Pizza avec Fromage', 25),
(548, 'Margarita', 'Pizza avec Fromage', 25),
(549, 'Margarita', 'Pizza avec Fromage', 25),
(550, 'Margarita', 'Pizza avec Fromage', 25),
(551, 'Margarita', 'Pizza avec Fromage', 25),
(552, 'Margarita', 'Pizza avec Fromage', 25),
(553, 'Margarita', 'Pizza avec Fromage', 25),
(554, 'Margarita', 'Pizza avec Fromage', 25),
(555, 'Margarita', 'Pizza avec Fromage', 25),
(556, 'Margarita', 'Pizza avec Fromage', 25),
(557, 'Margarita', 'Pizza avec Fromage', 25),
(558, 'Margarita', 'Pizza avec Fromage', 25),
(559, 'Margarita', 'Pizza avec Fromage', 25),
(560, 'Margarita', 'Pizza avec Fromage', 25),
(561, 'Margarita', 'Pizza avec Fromage', 25),
(562, 'Margarita', 'Pizza avec Fromage', 25),
(563, 'Margarita', 'Pizza avec Fromage', 25),
(564, 'Margarita', 'Pizza avec Fromage', 25),
(565, 'Margarita', 'Pizza avec Fromage', 25),
(566, 'Margarita', 'Pizza avec Fromage', 25),
(567, 'Margarita', 'Pizza avec Fromage', 25),
(568, 'Margarita', 'Pizza avec Fromage', 25),
(569, 'Margarita', 'Pizza avec Fromage', 25),
(570, 'Margarita', 'Pizza avec Fromage', 25),
(571, 'Margarita', 'Pizza avec Fromage', 25),
(572, 'Margarita', 'Pizza avec Fromage', 25),
(573, 'Margarita', 'Pizza avec Fromage', 25),
(574, 'Margarita', 'Pizza avec Fromage', 25),
(575, 'Margarita', 'Pizza avec Fromage', 25),
(576, 'Margarita', 'Pizza avec Fromage', 25),
(577, 'Margarita', 'Pizza avec Fromage', 25),
(578, 'Margarita', 'Pizza avec Fromage', 25),
(579, 'Margarita', 'Pizza avec Fromage', 25),
(580, 'Margarita', 'Pizza avec Fromage', 25),
(581, 'Margarita', 'Pizza avec Fromage', 25),
(582, 'Margarita', 'Pizza avec Fromage', 25),
(583, 'Margarita', 'Pizza avec Fromage', 25),
(584, 'Margarita', 'Pizza avec Fromage', 25),
(585, 'Margarita', 'Pizza avec Fromage', 25),
(586, 'Margarita', 'Pizza avec Fromage', 25),
(587, 'Margarita', 'Pizza avec Fromage', 25),
(588, 'Margarita', 'Pizza avec Fromage', 25),
(589, 'Margarita', 'Pizza avec Fromage', 25),
(590, 'Margarita', 'Pizza avec Fromage', 25),
(591, 'Margarita', 'Pizza avec Fromage', 25),
(592, 'Margarita', 'Pizza avec Fromage', 25),
(593, 'Margarita', 'Pizza avec Fromage', 25),
(594, 'Margarita', 'Pizza avec Fromage', 25),
(595, 'Margarita', 'Pizza avec Fromage', 25),
(596, 'Margarita', 'Pizza avec Fromage', 25),
(597, 'Margarita', 'Pizza avec Fromage', 25),
(598, 'Margarita', 'Pizza avec Fromage', 25),
(599, 'Margarita', 'Pizza avec Fromage', 25),
(600, 'Margarita', 'Pizza avec Fromage', 25),
(601, 'Margarita', 'Pizza avec Fromage', 25),
(602, 'Margarita', 'Pizza avec Fromage', 25),
(603, 'Margarita', 'Pizza avec Fromage', 25),
(604, 'Margarita', 'Pizza avec Fromage', 25),
(605, 'Margarita', 'Pizza avec Fromage', 25),
(606, 'Margarita', 'Pizza avec Fromage', 25),
(607, 'Margarita', 'Pizza avec Fromage', 25),
(608, 'Margarita', 'Pizza avec Fromage', 25),
(609, 'Margarita', 'Pizza avec Fromage', 25),
(610, 'Margarita', 'Pizza avec Fromage', 25),
(611, 'Margarita', 'Pizza avec Fromage', 25),
(612, 'Margarita', 'Pizza avec Fromage', 25),
(613, 'Margarita', 'Pizza avec Fromage', 25),
(614, 'Margarita', 'Pizza avec Fromage', 25),
(615, 'Margarita', 'Pizza avec Fromage', 25),
(616, 'Margarita', 'Pizza avec Fromage', 25),
(617, 'Margarita', 'Pizza avec Fromage', 25),
(618, 'Margarita', 'Pizza avec Fromage', 25),
(619, 'Margarita', 'Pizza avec Fromage', 25),
(620, 'Margarita', 'Pizza avec Fromage', 25),
(621, 'Margarita', 'Pizza avec Fromage', 25),
(622, 'Margarita', 'Pizza avec Fromage', 25),
(623, 'Margarita', 'Pizza avec Fromage', 25),
(624, 'Margarita', 'Pizza avec Fromage', 25),
(625, 'Margarita', 'Pizza avec Fromage', 25),
(626, 'Margarita', 'Pizza avec Fromage', 25),
(627, 'Margarita', 'Pizza avec Fromage', 25),
(628, 'Margarita', 'Pizza avec Fromage', 25),
(629, 'Margarita', 'Pizza avec Fromage', 25),
(630, 'Margarita', 'Pizza avec Fromage', 25),
(631, 'Margarita', 'Pizza avec Fromage', 25),
(632, 'Margarita', 'Pizza avec Fromage', 25),
(633, 'Margarita', 'Pizza avec Fromage', 25),
(634, 'Margarita', 'Pizza avec Fromage', 25),
(635, 'Margarita', 'Pizza avec Fromage', 25),
(636, 'Margarita', 'Pizza avec Fromage', 25),
(637, 'Margarita', 'Pizza avec Fromage', 25),
(638, 'Margarita', 'Pizza avec Fromage', 25),
(639, 'Margarita', 'Pizza avec Fromage', 25),
(640, 'Margarita', 'Pizza avec Fromage', 25),
(641, 'Margarita', 'Pizza avec Fromage', 25),
(642, 'Margarita', 'Pizza avec Fromage', 25),
(643, 'Margarita', 'Pizza avec Fromage', 25),
(644, 'Margarita', 'Pizza avec Fromage', 25),
(645, 'Margarita', 'Pizza avec Fromage', 25),
(646, 'Margarita', 'Pizza avec Fromage', 25),
(647, 'Margarita', 'Pizza avec Fromage', 25),
(648, 'Margarita', 'Pizza avec Fromage', 25),
(649, 'Margarita', 'Pizza avec Fromage', 25),
(650, 'Margarita', 'Pizza avec Fromage', 25),
(651, 'Margarita', 'Pizza avec Fromage', 25),
(652, 'Margarita', 'Pizza avec Fromage', 25),
(653, 'Margarita', 'Pizza avec Fromage', 25),
(654, 'Margarita', 'Pizza avec Fromage', 25),
(655, 'Margarita', 'Pizza avec Fromage', 25),
(656, 'Margarita', 'Pizza avec Fromage', 25),
(657, 'Margarita', 'Pizza avec Fromage', 25),
(658, 'Margarita', 'Pizza avec Fromage', 25),
(659, 'Margarita', 'Pizza avec Fromage', 25),
(660, 'Margarita', 'Pizza avec Fromage', 25),
(661, 'Margarita', 'Pizza avec Fromage', 25),
(662, 'Margarita', 'Pizza avec Fromage', 25),
(663, 'Margarita', 'Pizza avec Fromage', 25),
(664, 'Margarita', 'Pizza avec Fromage', 25),
(665, 'Margarita', 'Pizza avec Fromage', 25),
(666, 'Margarita', 'Pizza avec Fromage', 25),
(667, 'Margarita', 'Pizza avec Fromage', 25),
(668, 'Margarita', 'Pizza avec Fromage', 25),
(669, 'Margarita', 'Pizza avec Fromage', 25),
(670, 'Margarita', 'Pizza avec Fromage', 25),
(671, 'Margarita', 'Pizza avec Fromage', 25),
(672, 'Margarita', 'Pizza avec Fromage', 25),
(673, 'Margarita', 'Pizza avec Fromage', 25),
(674, 'Margarita', 'Pizza avec Fromage', 25),
(675, 'Margarita', 'Pizza avec Fromage', 25),
(676, 'Margarita', 'Pizza avec Fromage', 25),
(677, 'Margarita', 'Pizza avec Fromage', 25),
(678, 'Margarita', 'Pizza avec Fromage', 25),
(679, 'Margarita', 'Pizza avec Fromage', 25),
(680, 'Margarita', 'Pizza avec Fromage', 25),
(681, 'Margarita', 'Pizza avec Fromage', 25),
(682, 'Margarita', 'Pizza avec Fromage', 25),
(683, 'Margarita', 'Pizza avec Fromage', 25),
(684, 'Margarita', 'Pizza avec Fromage', 25),
(685, 'Margarita', 'Pizza avec Fromage', 25),
(686, 'Margarita', 'Pizza avec Fromage', 25),
(687, 'Margarita', 'Pizza avec Fromage', 25),
(688, 'Margarita', 'Pizza avec Fromage', 25),
(689, 'Margarita', 'Pizza avec Fromage', 25),
(690, 'Margarita', 'Pizza avec Fromage', 25),
(691, 'Margarita', 'Pizza avec Fromage', 25),
(692, 'Margarita', 'Pizza avec Fromage', 25),
(693, 'Margarita', 'Pizza avec Fromage', 25),
(694, 'Margarita', 'Pizza avec Fromage', 25),
(695, 'Margarita', 'Pizza avec Fromage', 25),
(696, 'Margarita', 'Pizza avec Fromage', 25),
(697, 'Margarita', 'Pizza avec Fromage', 25),
(698, 'Margarita', 'Pizza avec Fromage', 25),
(699, 'Margarita', 'Pizza avec Fromage', 25),
(700, 'Margarita', 'Pizza avec Fromage', 25),
(701, 'Margarita', 'Pizza avec Fromage', 25),
(702, 'Margarita', 'Pizza avec Fromage', 25),
(703, 'Margarita', 'Pizza avec Fromage', 25),
(704, 'Margarita', 'Pizza avec Fromage', 25),
(705, 'Margarita', 'Pizza avec Fromage', 25),
(706, 'Margarita', 'Pizza avec Fromage', 25),
(707, 'Margarita', 'Pizza avec Fromage', 25),
(708, 'Margarita', 'Pizza avec Fromage', 25),
(709, 'Margarita', 'Pizza avec Fromage', 25),
(710, 'Margarita', 'Pizza avec Fromage', 25),
(711, 'Margarita', 'Pizza avec Fromage', 25),
(712, 'Margarita', 'Pizza avec Fromage', 25),
(713, 'Margarita', 'Pizza avec Fromage', 25),
(714, 'Margarita', 'Pizza avec Fromage', 25),
(715, 'Margarita', 'Pizza avec Fromage', 25),
(716, 'Margarita', 'Pizza avec Fromage', 25),
(717, 'Margarita', 'Pizza avec Fromage', 25),
(718, 'Margarita', 'Pizza avec Fromage', 25),
(719, 'Margarita', 'Pizza avec Fromage', 25),
(720, 'Margarita', 'Pizza avec Fromage', 25),
(721, 'Margarita', 'Pizza avec Fromage', 25),
(722, 'Margarita', 'Pizza avec Fromage', 25),
(723, 'Margarita', 'Pizza avec Fromage', 25),
(724, 'Margarita', 'Pizza avec Fromage', 25),
(725, 'Margarita', 'Pizza avec Fromage', 25),
(726, 'Margarita', 'Pizza avec Fromage', 25),
(727, 'Margarita', 'Pizza avec Fromage', 25),
(728, 'Margarita', 'Pizza avec Fromage', 25),
(729, 'Margarita', 'Pizza avec Fromage', 25),
(730, 'Margarita', 'Pizza avec Fromage', 25),
(731, 'Margarita', 'Pizza avec Fromage', 25),
(732, 'Margarita', 'Pizza avec Fromage', 25),
(733, 'Margarita', 'Pizza avec Fromage', 25),
(734, 'Margarita', 'Pizza avec Fromage', 25),
(735, 'Margarita', 'Pizza avec Fromage', 25),
(736, 'Margarita', 'Pizza avec Fromage', 25),
(737, 'Margarita', 'Pizza avec Fromage', 25),
(738, 'Margarita', 'Pizza avec Fromage', 25),
(739, 'Margarita', 'Pizza avec Fromage', 25),
(740, 'Margarita', 'Pizza avec Fromage', 25),
(741, 'Margarita', 'Pizza avec Fromage', 25),
(742, 'Margarita', 'Pizza avec Fromage', 25),
(743, 'Margarita', 'Pizza avec Fromage', 25),
(744, 'Margarita', 'Pizza avec Fromage', 25),
(745, 'Margarita', 'Pizza avec Fromage', 25),
(746, 'Margarita', 'Pizza avec Fromage', 25),
(747, 'Margarita', 'Pizza avec Fromage', 25),
(748, 'Margarita', 'Pizza avec Fromage', 25),
(749, 'Margarita', 'Pizza avec Fromage', 25),
(750, 'Margarita', 'Pizza avec Fromage', 25),
(751, 'Margarita', 'Pizza avec Fromage', 25),
(752, 'Margarita', 'Pizza avec Fromage', 25),
(753, 'Margarita', 'Pizza avec Fromage', 25),
(754, 'Margarita', 'Pizza avec Fromage', 25),
(755, 'Margarita', 'Pizza avec Fromage', 25),
(756, 'Margarita', 'Pizza avec Fromage', 25),
(757, 'Margarita', 'Pizza avec Fromage', 25),
(758, 'Margarita', 'Pizza avec Fromage', 25),
(759, 'Margarita', 'Pizza avec Fromage', 25),
(760, 'Margarita', 'Pizza avec Fromage', 25),
(761, 'Margarita', 'Pizza avec Fromage', 25),
(762, 'Margarita', 'Pizza avec Fromage', 25),
(763, 'Margarita', 'Pizza avec Fromage', 25),
(764, 'Margarita', 'Pizza avec Fromage', 25),
(765, 'Margarita', 'Pizza avec Fromage', 25),
(766, 'Margarita', 'Pizza avec Fromage', 25),
(767, 'Margarita', 'Pizza avec Fromage', 25),
(768, 'Margarita', 'Pizza avec Fromage', 25),
(769, 'Margarita', 'Pizza avec Fromage', 25),
(770, 'Margarita', 'Pizza avec Fromage', 25),
(771, 'Margarita', 'Pizza avec Fromage', 25),
(772, 'Margarita', 'Pizza avec Fromage', 25),
(773, 'Margarita', 'Pizza avec Fromage', 25),
(774, 'Margarita', 'Pizza avec Fromage', 25),
(775, 'Margarita', 'Pizza avec Fromage', 25),
(776, 'Margarita', 'Pizza avec Fromage', 25),
(777, 'Margarita', 'Pizza avec Fromage', 25),
(778, 'Margarita', 'Pizza avec Fromage', 25),
(779, 'Margarita', 'Pizza avec Fromage', 25),
(780, 'Margarita', 'Pizza avec Fromage', 25),
(781, 'Margarita', 'Pizza avec Fromage', 25),
(782, 'Margarita', 'Pizza avec Fromage', 25),
(783, 'Margarita', 'Pizza avec Fromage', 25),
(784, 'Margarita', 'Pizza avec Fromage', 25),
(785, 'Margarita', 'Pizza avec Fromage', 25),
(786, 'Margarita', 'Pizza avec Fromage', 25),
(787, 'Margarita', 'Pizza avec Fromage', 25),
(788, 'Margarita', 'Pizza avec Fromage', 25),
(789, 'Margarita', 'Pizza avec Fromage', 25),
(790, 'Margarita', 'Pizza avec Fromage', 25),
(791, 'Margarita', 'Pizza avec Fromage', 25),
(792, 'Margarita', 'Pizza avec Fromage', 25),
(793, 'Margarita', 'Pizza avec Fromage', 25),
(794, 'Margarita', 'Pizza avec Fromage', 25),
(795, 'Margarita', 'Pizza avec Fromage', 25),
(796, 'Margarita', 'Pizza avec Fromage', 25),
(797, 'Margarita', 'Pizza avec Fromage', 25),
(798, 'Margarita', 'Pizza avec Fromage', 25),
(799, 'Margarita', 'Pizza avec Fromage', 25),
(800, 'Margarita', 'Pizza avec Fromage', 25),
(801, 'Margarita', 'Pizza avec Fromage', 25),
(802, 'Margarita', 'Pizza avec Fromage', 25),
(803, 'Margarita', 'Pizza avec Fromage', 25),
(804, 'Margarita', 'Pizza avec Fromage', 25),
(805, 'Margarita', 'Pizza avec Fromage', 25),
(806, 'Margarita', 'Pizza avec Fromage', 25),
(807, 'Margarita', 'Pizza avec Fromage', 25),
(808, 'Margarita', 'Pizza avec Fromage', 25),
(809, 'Margarita', 'Pizza avec Fromage', 25),
(810, 'Pizza Nabil', 'Nabil bl banane', 25),
(811, 'Pizza Nabil', 'Nabil bl banane', 25),
(812, 'Pizza Nabil', 'Nabil bl banane', 25),
(813, 'Pizza Nabil', 'Nabil bl banane', 25),
(814, 'Pizza Nabil', 'Nabil bl banane', 25),
(815, 'Pizza Nabil', 'Nabil bl banane', 25),
(816, 'Pizza Nabil', 'Nabil bl banane', 25),
(817, 'Pizza Nabil', 'Nabil bl banane', 25),
(818, 'Pizza Nabil', 'Nabil bl banane', 25),
(819, 'Pizza Nabil', 'Nabil bl banane', 25),
(820, 'Pizza Nabil', 'Nabil bl banane', 25),
(821, 'Pizza Nabil', 'Nabil bl banane', 25),
(822, 'Pizza Nabil', 'Nabil bl banane', 25),
(823, 'Pizza Nabil', 'Nabil bl banane', 25),
(824, 'Pizza Nabil', 'Nabil bl banane', 25),
(825, 'Pizza Nabil', 'Nabil bl banane', 25),
(826, 'Pizza Nabil', 'Nabil bl banane', 25),
(827, 'Pizza Nabil', 'Nabil bl banane', 25),
(828, 'Pizza Nabil', 'Nabil bl banane', 25),
(829, 'Pizza Nabil', 'Nabil bl banane', 25),
(830, 'Pizza Nabil', 'Nabil bl banane', 25),
(831, 'Pizza Nabil', 'Nabil bl banane', 25),
(832, 'Pizza Nabil', 'Nabil bl banane', 25),
(833, 'Pizza Nabil', 'Nabil bl banane', 25),
(834, 'Pizza Nabil', 'Nabil bl banane', 25),
(835, 'Pizza Nabil', 'Nabil bl banane', 25),
(836, 'Pizza Nabil', 'Nabil bl banane', 25),
(837, 'Pizza Nabil', 'Nabil bl banane', 25),
(838, 'Pizza Nabil', 'Nabil bl banane', 25),
(839, 'Pizza Nabil', 'Nabil bl banane', 25),
(840, 'Pizza Nabil', 'Nabil bl banane', 25),
(841, 'Pizza Nabil', 'Nabil bl banane', 25),
(842, 'Pizza Nabil', 'Nabil bl banane', 25),
(843, 'Pizza Nabil', 'Nabil bl banane', 25),
(844, 'Pizza Nabil', 'Nabil bl banane', 25),
(845, 'Pizza Nabil', 'Nabil bl banane', 25),
(846, 'Pizza Nabil', 'Nabil bl banane', 25),
(847, 'Pizza Nabil', 'Nabil bl banane', 25),
(848, 'Pizza Nabil', 'Nabil bl banane', 25),
(849, 'Pizza Nabil', 'Nabil bl banane', 25),
(850, 'Pizza Nabil', 'Nabil bl banane', 25),
(851, 'Pizza Nabil', 'Nabil bl banane', 25),
(852, 'Pizza Nabil', 'Nabil bl banane', 25),
(853, 'Pizza Nabil', 'Nabil bl banane', 25),
(854, 'Pizza Nabil', 'Nabil bl banane', 25),
(855, 'Pizza Nabil', 'Nabil bl banane', 25),
(856, 'Pizza Nabil', 'Nabil bl banane', 25),
(857, 'Pizza Nabil', 'Nabil bl banane', 25),
(858, 'Pizza Nabil', 'Nabil bl banane', 25),
(859, 'Pizza Nabil', 'Nabil bl banane', 25),
(860, 'Pizza Nabil', 'Nabil bl banane', 25),
(861, 'Pizza Nabil', 'Nabil bl banane', 25),
(862, 'Pizza Nabil', 'Nabil bl banane', 25),
(863, 'Pizza Nabil', 'Nabil bl banane', 25),
(864, 'Pizza Nabil', 'Nabil bl banane', 25),
(865, 'Pizza Nabil', 'Nabil bl banane', 25),
(866, 'Pizza Nabil', 'Nabil bl banane', 25),
(867, 'Pizza Nabil', 'Nabil bl banane', 25),
(868, 'Pizza Nabil', 'Nabil bl banane', 25),
(869, 'Pizza Nabil', 'Nabil bl banane', 25),
(870, 'Pizza Nabil', 'Nabil bl banane', 25),
(871, 'Pizza Nabil', 'Nabil bl banane', 25),
(872, 'Pizza Nabil', 'Nabil bl banane', 25),
(873, 'Pizza Nabil', 'Nabil bl banane', 25),
(874, 'Pizza Nabil', 'Nabil bl banane', 25),
(875, 'Pizza Nabil', 'Nabil bl banane', 25),
(876, 'Pizza Nabil', 'Nabil bl banane', 25),
(877, 'Pizza Nabil', 'Nabil bl banane', 25),
(878, 'Pizza Nabil', 'Nabil bl banane', 25),
(879, 'Pizza Nabil', 'Nabil bl banane', 25),
(880, 'Pizza Nabil', 'Nabil bl banane', 25),
(881, 'Pizza Nabil', 'Nabil bl banane', 25),
(882, 'Pizza Nabil', 'Nabil bl banane', 25),
(883, 'Pizza Nabil', 'Nabil bl banane', 25),
(884, 'Pizza Nabil', 'Nabil bl banane', 25),
(885, 'Pizza Nabil', 'Nabil bl banane', 25),
(886, 'Pizza Nabil', 'Nabil bl banane', 25),
(887, 'Pizza Nabil', 'Nabil bl banane', 25),
(888, 'Pizza Nabil', 'Nabil bl banane', 25),
(889, 'Pizza Nabil', 'Nabil bl banane', 25),
(890, 'Pizza Nabil', 'Nabil bl banane', 25),
(891, 'Pizza Nabil', 'Nabil bl banane', 25),
(892, 'Pizza Nabil', 'Nabil bl banane', 25),
(893, 'Pizza Nabil', 'Nabil bl banane', 25),
(894, 'Pizza Nabil', 'Nabil bl banane', 25),
(895, 'Pizza Nabil', 'Nabil bl banane', 25),
(896, 'Pizza Nabil', 'Nabil bl banane', 25),
(897, 'Pizza Nabil', 'Nabil bl banane', 25),
(898, 'Pizza Nabil', 'Nabil bl banane', 25),
(899, 'Pizza Nabil', 'Nabil bl banane', 25),
(900, 'Pizza Nabil', 'Nabil bl banane', 25),
(901, 'Pizza Nabil', 'Nabil bl banane', 25),
(902, 'Pizza Nabil', 'Nabil bl banane', 25),
(903, 'Pizza Nabil', 'Nabil bl banane', 25),
(904, 'Pizza Nabil', 'Nabil bl banane', 25),
(905, 'Pizza Nabil', 'Nabil bl banane', 25),
(906, 'Pizza Nabil', 'Nabil bl banane', 25),
(907, 'Pizza Nabil', 'Nabil bl banane', 25),
(908, 'Pizza Nabil', 'Nabil bl banane', 25),
(909, 'Pizza Nabil', 'Nabil bl banane', 25),
(910, 'Pizza Nabil', 'Nabil bl banane', 25),
(911, 'Pizza Nabil', 'Nabil bl banane', 25),
(912, 'Pizza Nabil', 'Nabil bl banane', 25),
(913, 'Pizza Nabil', 'Nabil bl banane', 25),
(914, 'Pizza Nabil', 'Nabil bl banane', 25),
(915, 'Pizza Nabil', 'Nabil bl banane', 25),
(916, 'Pizza Nabil', 'Nabil bl banane', 25),
(917, 'Pizza Nabil', 'Nabil bl banane', 25),
(918, 'Pizza Nabil', 'Nabil bl banane', 25),
(919, 'Pizza Nabil', 'Nabil bl banane', 25),
(920, 'Pizza Nabil', 'Nabil bl banane', 25),
(921, 'Pizza Nabil', 'Nabil bl banane', 25),
(922, 'Pizza Nabil', 'Nabil bl banane', 25),
(923, 'Pizza Nabil', 'Nabil bl banane', 25),
(924, 'Pizza Nabil', 'Nabil bl banane', 25),
(925, 'Pizza Nabil', 'Nabil bl banane', 25),
(926, 'Pizza Nabil', 'Nabil bl banane', 25),
(927, 'Pizza Nabil', 'Nabil bl banane', 25),
(928, 'Pizza Nabil', 'Nabil bl banane', 25),
(929, 'Pizza Nabil', 'Nabil bl banane', 25),
(930, 'Pizza Nabil', 'Nabil bl banane', 25),
(931, 'Pizza Nabil', 'Nabil bl banane', 25),
(932, 'Pizza Nabil', 'Nabil bl banane', 25),
(933, 'Pizza Nabil', 'Nabil bl banane', 25),
(934, 'Pizza Nabil', 'Nabil bl banane', 25),
(935, 'Pizza Nabil', 'Nabil bl banane', 25),
(936, 'Pizza Nabil', 'Nabil bl banane', 25),
(937, 'Pizza Nabil', 'Nabil bl banane', 25),
(938, 'Pizza Nabil', 'Nabil bl banane', 25),
(939, 'Pizza Nabil', 'Nabil bl banane', 25),
(940, 'Pizza Nabil', 'Nabil bl banane', 25),
(941, 'Pizza Nabil', 'Nabil bl banane', 25),
(942, 'Pizza Nabil', 'Nabil bl banane', 25),
(943, 'Pizza Nabil', 'Nabil bl banane', 25),
(944, 'Pizza Nabil', 'Nabil bl banane', 25),
(945, 'Pizza Nabil', 'Nabil bl banane', 25),
(946, 'Pizza Nabil', 'Nabil bl banane', 25),
(947, 'Pizza Nabil', 'Nabil bl banane', 25),
(948, 'Pizza Nabil', 'Nabil bl banane', 25),
(949, 'Pizza Nabil', 'Nabil bl banane', 25),
(950, 'Pizza Nabil', 'Nabil bl banane', 25),
(951, 'Pizza Nabil', 'Nabil bl banane', 25),
(952, 'Pizza Nabil', 'Nabil bl banane', 25),
(953, 'Pizza Nabil', 'Nabil bl banane', 25),
(954, 'Pizza Nabil', 'Nabil bl banane', 25),
(955, 'Pizza Nabil', 'Nabil bl banane', 25),
(956, 'Pizza Nabil', 'Nabil bl banane', 25),
(957, 'Pizza Nabil', 'Nabil bl banane', 25),
(958, 'Pizza Nabil', 'Nabil bl banane', 25),
(959, 'Pizza Nabil', 'Nabil bl banane', 25),
(960, 'Pizza Nabil', 'Nabil bl banane', 25),
(961, 'Pizza Nabil', 'Nabil bl banane', 25),
(962, 'Pizza Nabil', 'Nabil bl banane', 25),
(963, 'Pizza Nabil', 'Nabil bl banane', 25),
(964, 'Pizza Nabil', 'Nabil bl banane', 25),
(965, 'Pizza Nabil', 'Nabil bl banane', 25),
(966, 'Pizza Nabil', 'Nabil bl banane', 25),
(967, 'Pizza Nabil', 'Nabil bl banane', 25),
(968, 'Pizza Nabil', 'Nabil bl banane', 25),
(969, 'Pizza Nabil', 'Nabil bl banane', 25),
(970, 'Pizza Nabil', 'Nabil bl banane', 25),
(971, 'Pizza Nabil', 'Nabil bl banane', 25),
(972, 'Pizza Nabil', 'Nabil bl banane', 25),
(973, 'Pizza Nabil', 'Nabil bl banane', 25),
(974, 'Pizza Nabil', 'Nabil bl banane', 25),
(975, 'Pizza Nabil', 'Nabil bl banane', 25),
(976, 'Pizza Nabil', 'Nabil bl banane', 25),
(977, 'Pizza Nabil', 'Nabil bl banane', 25),
(978, 'Pizza Nabil', 'Nabil bl banane', 25),
(979, 'Pizza Nabil', 'Nabil bl banane', 25),
(980, 'Pizza Nabil', 'Nabil bl banane', 25),
(981, 'Pizza Nabil', 'Nabil bl banane', 25),
(982, 'Pizza Nabil', 'Nabil bl banane', 25),
(983, 'Pizza Nabil', 'Nabil bl banane', 25),
(984, 'Pizza Nabil', 'Nabil bl banane', 25),
(985, 'Pizza Nabil', 'Nabil bl banane', 25),
(986, 'Pizza Nabil', 'Nabil bl banane', 25),
(987, 'Pizza Nabil', 'Nabil bl banane', 25),
(988, 'Pizza Nabil', 'Nabil bl banane', 25),
(989, 'Pizza Nabil', 'Nabil bl banane', 25),
(990, 'Pizza Nabil', 'Nabil bl banane', 25),
(991, 'Pizza Nabil', 'Nabil bl banane', 25),
(992, 'Pizza Nabil', 'Nabil bl banane', 25),
(993, 'Pizza Nabil', 'Nabil bl banane', 25),
(994, 'Pizza Nabil', 'Nabil bl banane', 25),
(995, 'Pizza Nabil', 'Nabil bl banane', 25),
(996, 'Pizza Nabil', 'Nabil bl banane', 25),
(997, 'Pizza Nabil', 'Nabil bl banane', 25),
(998, 'Pizza Nabil', 'Nabil bl banane', 25),
(999, 'Pizza Nabil', 'Nabil bl banane', 25),
(1000, 'Pizza Nabil', 'Nabil bl banane', 25),
(1001, 'Pizza Nabil', 'Nabil bl banane', 25),
(1002, 'Pizza Nabil', 'Nabil bl banane', 25),
(1003, 'Pizza Nabil', 'Nabil bl banane', 25),
(1004, 'Pizza Nabil', 'Nabil bl banane', 25),
(1005, 'Pizza Nabil', 'Nabil bl banane', 25),
(1006, 'Pizza Nabil', 'Nabil bl banane', 25),
(1007, 'Pizza Nabil', 'Nabil bl banane', 25),
(1008, 'Pizza Nabil', 'Nabil bl banane', 25),
(1009, 'Pizza Nabil', 'Nabil bl banane', 25),
(1010, 'Pizza Nabil', 'Nabil bl banane', 25),
(1011, 'Pizza Nabil', 'Nabil bl banane', 25),
(1012, 'Pizza Nabil', 'Nabil bl banane', 25),
(1013, 'Pizza Nabil', 'Nabil bl banane', 25),
(1014, 'Pizza Nabil', 'Nabil bl banane', 25),
(1015, 'Pizza Nabil', 'Nabil bl banane', 25),
(1016, 'Pizza Nabil', 'Nabil bl banane', 25),
(1017, 'Pizza Nabil', 'Nabil bl banane', 25),
(1018, 'Pizza Nabil', 'Nabil bl banane', 25),
(1019, 'Pizza Nabil', 'Nabil bl banane', 25),
(1020, 'Pizza Nabil', 'Nabil bl banane', 25),
(1021, 'Pizza Nabil', 'Nabil bl banane', 25),
(1022, 'Pizza Nabil', 'Nabil bl banane', 25),
(1023, 'Pizza Nabil', 'Nabil bl banane', 25),
(1024, 'Pizza Nabil', 'Nabil bl banane', 25),
(1025, 'Pizza Nabil', 'Nabil bl banane', 25),
(1026, 'Pizza Nabil', 'Nabil bl banane', 25),
(1027, 'Pizza Nabil', 'Nabil bl banane', 25),
(1028, 'Pizza Nabil', 'Nabil bl banane', 25),
(1029, 'Pizza Nabil', 'Nabil bl banane', 25),
(1030, 'Pizza Nabil', 'Nabil bl banane', 25),
(1031, 'Pizza Nabil', 'Nabil bl banane', 25),
(1032, 'Pizza Nabil', 'Nabil bl banane', 25),
(1033, 'Pizza Nabil', 'Nabil bl banane', 25),
(1034, 'Pizza Nabil', 'Nabil bl banane', 25),
(1035, 'Pizza Nabil', 'Nabil bl banane', 25),
(1036, 'Pizza Nabil', 'Nabil bl banane', 25),
(1037, 'Pizza Nabil', 'Nabil bl banane', 25),
(1038, 'Pizza Nabil', 'Nabil bl banane', 25),
(1039, 'Pizza Nabil', 'Nabil bl banane', 25),
(1040, 'Pizza Nabil', 'Nabil bl banane', 25),
(1041, 'Pizza Nabil', 'Nabil bl banane', 25),
(1042, 'Pizza Nabil', 'Nabil bl banane', 25),
(1043, 'Pizza Nabil', 'Nabil bl banane', 25),
(1044, 'Pizza Nabil', 'Nabil bl banane', 25),
(1045, 'Pizza Nabil', 'Nabil bl banane', 25),
(1046, 'Pizza Nabil', 'Nabil bl banane', 25),
(1047, 'Pizza Nabil', 'Nabil bl banane', 25),
(1048, 'Pizza Nabil', 'Nabil bl banane', 25),
(1049, 'Pizza Nabil', 'Nabil bl banane', 25),
(1050, 'Pizza Nabil', 'Nabil bl banane', 25),
(1051, 'Pizza Nabil', 'Nabil bl banane', 25),
(1052, 'Pizza Nabil', 'Nabil bl banane', 25),
(1053, 'Pizza Nabil', 'Nabil bl banane', 25),
(1054, 'Pizza Nabil', 'Nabil bl banane', 25),
(1055, 'Pizza Nabil', 'Nabil bl banane', 25),
(1056, 'Pizza Nabil', 'Nabil bl banane', 25),
(1057, 'Pizza Nabil', 'Nabil bl banane', 25),
(1058, 'Pizza Nabil', 'Nabil bl banane', 25),
(1059, 'Pizza Nabil', 'Nabil bl banane', 25),
(1060, 'Pizza Nabil', 'Nabil bl banane', 25),
(1061, 'Pizza Nabil', 'Nabil bl banane', 25),
(1062, 'Pizza Nabil', 'Nabil bl banane', 25),
(1063, 'Pizza Nabil', 'Nabil bl banane', 25),
(1064, 'Pizza Nabil', 'Nabil bl banane', 25),
(1065, 'Pizza Nabil', 'Nabil bl banane', 25),
(1066, 'Pizza Nabil', 'Nabil bl banane', 25),
(1067, 'Pizza Nabil', 'Nabil bl banane', 25),
(1068, 'Pizza Nabil', 'Nabil bl banane', 25),
(1069, 'Pizza Nabil', 'Nabil bl banane', 25),
(1070, 'Pizza Nabil', 'Nabil bl banane', 25),
(1071, 'Pizza Nabil', 'Nabil bl banane', 25),
(1072, 'Pizza Nabil', 'Nabil bl banane', 25),
(1073, 'Pizza Nabil', 'Nabil bl banane', 25),
(1074, 'Pizza Nabil', 'Nabil bl banane', 25),
(1075, 'Pizza Nabil', 'Nabil bl banane', 25),
(1076, 'Pizza Nabil', 'Nabil bl banane', 25),
(1077, 'Pizza Nabil', 'Nabil bl banane', 25),
(1078, 'Pizza Nabil', 'Nabil bl banane', 25),
(1079, 'Pizza Nabil', 'Nabil bl banane', 25),
(1080, 'Pizza Nabil', 'Nabil bl banane', 25),
(1081, 'Pizza Nabil', 'Nabil bl banane', 25),
(1082, 'Pizza Nabil', 'Nabil bl banane', 25),
(1083, 'Pizza Nabil', 'Nabil bl banane', 25),
(1084, 'Pizza Nabil', 'Nabil bl banane', 25),
(1085, 'Pizza Nabil', 'Nabil bl banane', 25),
(1086, 'Pizza Nabil', 'Nabil bl banane', 25),
(1087, 'Pizza Nabil', 'Nabil bl banane', 25),
(1088, 'Pizza Nabil', 'Nabil bl banane', 25),
(1089, 'Pizza Nabil', 'Nabil bl banane', 25),
(1090, 'Pizza Nabil', 'Nabil bl banane', 25),
(1091, 'Pizza Nabil', 'Nabil bl banane', 25),
(1092, 'Pizza Nabil', 'Nabil bl banane', 25),
(1093, 'Pizza Nabil', 'Nabil bl banane', 25),
(1094, 'Pizza Nabil', 'Nabil bl banane', 25),
(1095, 'Pizza Nabil', 'Nabil bl banane', 25),
(1096, 'Pizza Nabil', 'Nabil bl banane', 25),
(1097, 'Pizza Nabil', 'Nabil bl banane', 25),
(1098, 'Pizza Nabil', 'Nabil bl banane', 25),
(1099, 'Pizza Nabil', 'Nabil bl banane', 25),
(1100, 'Pizza Nabil', 'Nabil bl banane', 25),
(1101, 'Pizza Nabil', 'Nabil bl banane', 25),
(1102, 'Pizza Nabil', 'Nabil bl banane', 25),
(1103, 'Pizza Nabil', 'Nabil bl banane', 25),
(1104, 'Pizza Nabil', 'Nabil bl banane', 25),
(1105, 'Pizza Nabil', 'Nabil bl banane', 25),
(1106, 'Pizza Nabil', 'Nabil bl banane', 25),
(1107, 'Pizza Nabil', 'Nabil bl banane', 25),
(1108, 'Pizza Nabil', 'Nabil bl banane', 25),
(1109, 'Pizza Nabil', 'Nabil bl banane', 25),
(1110, 'Pizza Nabil', 'Nabil bl banane', 25),
(1111, 'Pizza Nabil', 'Nabil bl banane', 25),
(1112, 'Pizza Nabil', 'Nabil bl banane', 25),
(1113, 'Pizza Nabil', 'Nabil bl banane', 25),
(1114, 'Pizza Nabil', 'Nabil bl banane', 25),
(1115, 'Pizza Nabil', 'Nabil bl banane', 25),
(1116, 'Pizza Nabil', 'Nabil bl banane', 25),
(1117, 'Pizza Nabil', 'Nabil bl banane', 25),
(1118, 'Pizza Nabil', 'Nabil bl banane', 25),
(1119, 'Pizza Nabil', 'Nabil bl banane', 25),
(1120, 'Pizza Nabil', 'Nabil bl banane', 25),
(1121, 'Pizza Nabil', 'Nabil bl banane', 25),
(1122, 'Pizza Nabil', 'Nabil bl banane', 25),
(1123, 'Pizza Nabil', 'Nabil bl banane', 25),
(1124, 'Pizza Nabil', 'Nabil bl banane', 25),
(1125, 'Pizza Nabil', 'Nabil bl banane', 25),
(1126, 'Pizza Nabil', 'Nabil bl banane', 25),
(1127, 'Pizza Nabil', 'Nabil bl banane', 25),
(1128, 'Pizza Nabil', 'Nabil bl banane', 25),
(1129, 'Pizza Nabil', 'Nabil bl banane', 25),
(1130, 'Pizza Nabil', 'Nabil bl banane', 25),
(1131, 'Pizza Nabil', 'Nabil bl banane', 25),
(1132, 'Pizza Nabil', 'Nabil bl banane', 25),
(1133, 'Pizza Nabil', 'Nabil bl banane', 25),
(1134, 'Pizza Nabil', 'Nabil bl banane', 25),
(1135, 'Pizza Nabil', 'Nabil bl banane', 25),
(1136, 'Pizza Nabil', 'Nabil bl banane', 25),
(1137, 'Pizza Nabil', 'Nabil bl banane', 25),
(1138, 'Pizza Nabil', 'Nabil bl banane', 25),
(1139, 'Pizza Nabil', 'Nabil bl banane', 25),
(1140, 'Pizza Nabil', 'Nabil bl banane', 25),
(1141, 'Pizza Nabil', 'Nabil bl banane', 25),
(1142, 'Pizza Nabil', 'Nabil bl banane', 25),
(1143, 'Pizza Nabil', 'Nabil bl banane', 25);
INSERT INTO `pizza` (`id`, `name`, `description`, `price`) VALUES
(1144, 'Pizza Nabil', 'Nabil bl banane', 25),
(1145, 'Pizza Nabil', 'Nabil bl banane', 25),
(1146, 'Pizza Nabil', 'Nabil bl banane', 25),
(1147, 'Pizza Nabil', 'Nabil bl banane', 25),
(1148, 'Pizza Nabil', 'Nabil bl banane', 25),
(1149, 'Pizza Nabil', 'Nabil bl banane', 25),
(1150, 'Pizza Nabil', 'Nabil bl banane', 25),
(1151, 'Pizza Nabil', 'Nabil bl banane', 25),
(1152, 'Pizza Nabil', 'Nabil bl banane', 25),
(1153, 'Pizza Nabil', 'Nabil bl banane', 25),
(1154, 'Pizza Nabil', 'Nabil bl banane', 25),
(1155, 'Pizza Nabil', 'Nabil bl banane', 25),
(1156, 'Pizza Nabil', 'Nabil bl banane', 25),
(1157, 'Pizza Nabil', 'Nabil bl banane', 25),
(1158, 'Pizza Nabil', 'Nabil bl banane', 25),
(1159, 'Pizza Nabil', 'Nabil bl banane', 25),
(1160, 'Pizza Nabil', 'Nabil bl banane', 25),
(1161, 'Pizza Nabil', 'Nabil bl banane', 25),
(1162, 'Pizza Nabil', 'Nabil bl banane', 25),
(1163, 'Pizza Nabil', 'Nabil bl banane', 25),
(1164, 'Pizza Nabil', 'Nabil bl banane', 25),
(1165, 'Pizza Nabil', 'Nabil bl banane', 25),
(1166, 'Pizza Nabil', 'Nabil bl banane', 25),
(1167, 'Pizza Nabil', 'Nabil bl banane', 25),
(1168, 'Pizza Nabil', 'Nabil bl banane', 25),
(1169, 'Pizza Nabil', 'Nabil bl banane', 25),
(1170, 'Pizza Nabil', 'Nabil bl banane', 25),
(1171, 'Pizza Nabil', 'Nabil bl banane', 25),
(1172, 'Pizza Nabil', 'Nabil bl banane', 25),
(1173, 'Pizza Nabil', 'Nabil bl banane', 25),
(1174, 'Pizza Nabil', 'Nabil bl banane', 25),
(1175, 'Pizza Nabil', 'Nabil bl banane', 25),
(1176, 'Pizza Nabil', 'Nabil bl banane', 25),
(1177, 'Pizza Nabil', 'Nabil bl banane', 25),
(1178, 'Pizza Nabil', 'Nabil bl banane', 25),
(1179, 'Pizza Nabil', 'Nabil bl banane', 25),
(1180, 'Pizza Nabil', 'Nabil bl banane', 25),
(1181, 'Pizza Nabil', 'Nabil bl banane', 25),
(1182, 'Pizza Nabil', 'Nabil bl banane', 25),
(1183, 'Pizza Nabil', 'Nabil bl banane', 25),
(1184, 'Pizza Nabil', 'Nabil bl banane', 25),
(1185, 'Pizza Nabil', 'Nabil bl banane', 25),
(1186, 'Pizza Nabil', 'Nabil bl banane', 25),
(1187, 'Pizza Nabil', 'Nabil bl banane', 25),
(1188, 'Pizza Nabil', 'Nabil bl banane', 25),
(1189, 'Pizza Nabil', 'Nabil bl banane', 25),
(1190, 'Pizza Nabil', 'Nabil bl banane', 25),
(1191, 'Pizza Nabil', 'Nabil bl banane', 25),
(1192, 'Pizza Nabil', 'Nabil bl banane', 25),
(1193, 'Pizza Nabil', 'Nabil bl banane', 25),
(1194, 'Pizza Nabil', 'Nabil bl banane', 25),
(1195, 'Pizza Nabil', 'Nabil bl banane', 25),
(1196, 'Pizza Nabil', 'Nabil bl banane', 25),
(1197, 'Pizza Nabil', 'Nabil bl banane', 25),
(1198, 'Pizza Nabil', 'Nabil bl banane', 25),
(1199, 'Pizza Nabil', 'Nabil bl banane', 25),
(1200, 'Pizza Nabil', 'Nabil bl banane', 25),
(1201, 'Pizza Nabil', 'Nabil bl banane', 25),
(1202, 'Pizza Nabil', 'Nabil bl banane', 25),
(1203, 'Pizza Nabil', 'Nabil bl banane', 25),
(1204, 'Pizza Nabil', 'Nabil bl banane', 25),
(1205, 'Pizza Nabil', 'Nabil bl banane', 25),
(1206, 'Pizza Nabil', 'Nabil bl banane', 25),
(1207, 'Pizza Nabil', 'Nabil bl banane', 25),
(1208, 'Pizza Nabil', 'Nabil bl banane', 25),
(1209, 'Pizza Nabil', 'Nabil bl banane', 25),
(1210, 'Pizza Nabil', 'Nabil bl banane', 25),
(1211, 'Pizza Nabil', 'Nabil bl banane', 25),
(1212, 'Pizza Nabil', 'Nabil bl banane', 25),
(1213, 'Pizza Nabil', 'Nabil bl banane', 25),
(1214, 'Pizza Nabil', 'Nabil bl banane', 25),
(1215, 'Pizza Nabil', 'Nabil bl banane', 25),
(1216, 'Pizza Nabil', 'Nabil bl banane', 25),
(1217, 'Pizza Nabil', 'Nabil bl banane', 25),
(1218, 'Pizza Nabil', 'Nabil bl banane', 25),
(1219, 'Pizza Nabil', 'Nabil bl banane', 25),
(1220, 'Pizza Nabil', 'Nabil bl banane', 25),
(1221, 'Pizza Nabil', 'Nabil bl banane', 25),
(1222, 'Pizza Nabil', 'Nabil bl banane', 25),
(1223, 'Pizza Nabil', 'Nabil bl banane', 25),
(1224, 'Pizza Nabil', 'Nabil bl banane', 25),
(1225, 'Pizza Nabil', 'Nabil bl banane', 25),
(1226, 'Pizza Nabil', 'Nabil bl banane', 25),
(1227, 'Pizza Nabil', 'Nabil bl banane', 25),
(1228, 'Pizza Nabil', 'Nabil bl banane', 25),
(1229, 'Pizza Nabil', 'Nabil bl banane', 25),
(1230, 'Pizza Nabil', 'Nabil bl banane', 25),
(1231, 'Pizza Nabil', 'Nabil bl banane', 25),
(1232, 'Pizza Nabil', 'Nabil bl banane', 25),
(1233, 'Pizza Nabil', 'Nabil bl banane', 25),
(1234, 'Pizza Nabil', 'Nabil bl banane', 25),
(1235, 'Pizza Nabil', 'Nabil bl banane', 25),
(1236, 'Pizza Nabil', 'Nabil bl banane', 25),
(1237, 'Pizza Nabil', 'Nabil bl banane', 25),
(1238, 'Pizza Nabil', 'Nabil bl banane', 25),
(1239, 'Pizza Nabil', 'Nabil bl banane', 25),
(1240, 'Pizza Nabil', 'Nabil bl banane', 25),
(1241, 'Pizza Nabil', 'Nabil bl banane', 25),
(1242, 'Pizza Nabil', 'Nabil bl banane', 25),
(1243, 'Pizza Nabil', 'Nabil bl banane', 25),
(1244, 'Pizza Nabil', 'Nabil bl banane', 25),
(1245, 'Pizza Nabil', 'Nabil bl banane', 25),
(1246, 'Pizza Nabil', 'Nabil bl banane', 25),
(1247, 'Pizza Nabil', 'Nabil bl banane', 25),
(1248, 'Pizza Nabil', 'Nabil bl banane', 25),
(1249, 'Pizza Nabil', 'Nabil bl banane', 25),
(1250, 'Pizza Nabil', 'Nabil bl banane', 25),
(1251, 'Pizza Nabil', 'Nabil bl banane', 25),
(1252, 'Pizza Nabil', 'Nabil bl banane', 25),
(1253, 'Pizza Nabil', 'Nabil bl banane', 25),
(1254, 'Pizza Nabil', 'Nabil bl banane', 25),
(1255, 'Pizza Nabil', 'Nabil bl banane', 25),
(1256, 'Pizza Nabil', 'Nabil bl banane', 25),
(1257, 'Pizza Nabil', 'Nabil bl banane', 25),
(1258, 'Pizza Nabil', 'Nabil bl banane', 25),
(1259, 'Pizza Nabil', 'Nabil bl banane', 25),
(1260, 'Pizza Nabil', 'Nabil bl banane', 25),
(1261, 'Pizza Nabil', 'Nabil bl banane', 25),
(1262, 'Pizza Nabil', 'Nabil bl banane', 25),
(1263, 'Pizza Nabil', 'Nabil bl banane', 25),
(1264, 'Pizza Nabil', 'Nabil bl banane', 25),
(1265, 'Pizza Nabil', 'Nabil bl banane', 25),
(1266, 'Pizza Nabil', 'Nabil bl banane', 25),
(1267, 'Pizza Nabil', 'Nabil bl banane', 25),
(1268, 'Pizza Nabil', 'Nabil bl banane', 25),
(1269, 'Pizza Nabil', 'Nabil bl banane', 25),
(1270, 'Pizza Nabil', 'Nabil bl banane', 25),
(1271, 'Pizza Nabil', 'Nabil bl banane', 25),
(1272, 'Pizza Nabil', 'Nabil bl banane', 25),
(1273, 'Pizza Nabil', 'Nabil bl banane', 25),
(1274, 'Pizza Nabil', 'Nabil bl banane', 25),
(1275, 'Pizza Nabil', 'Nabil bl banane', 25),
(1276, 'Pizza Nabil', 'Nabil bl banane', 25),
(1277, 'Pizza Nabil', 'Nabil bl banane', 25),
(1278, 'Pizza Nabil', 'Nabil bl banane', 25),
(1279, 'Pizza Nabil', 'Nabil bl banane', 25),
(1280, 'Pizza Nabil', 'Nabil bl banane', 25),
(1281, 'Pizza Nabil', 'Nabil bl banane', 25),
(1282, 'Pizza Nabil', 'Nabil bl banane', 25),
(1283, 'Pizza Nabil', 'Nabil bl banane', 25),
(1284, 'Pizza Nabil', 'Nabil bl banane', 25),
(1285, 'Pizza Nabil', 'Nabil bl banane', 25),
(1286, 'Pizza Nabil', 'Nabil bl banane', 25),
(1287, 'Pizza Nabil', 'Nabil bl banane', 25),
(1288, 'Pizza Nabil', 'Nabil bl banane', 25),
(1289, 'Pizza Nabil', 'Nabil bl banane', 25),
(1290, 'Pizza Nabil', 'Nabil bl banane', 25),
(1291, 'Pizza Nabil', 'Nabil bl banane', 25),
(1292, 'Pizza Nabil', 'Nabil bl banane', 25),
(1293, 'Pizza Nabil', 'Nabil bl banane', 25),
(1294, 'Pizza Nabil', 'Nabil bl banane', 25),
(1295, 'Pizza Nabil', 'Nabil bl banane', 25),
(1296, 'Pizza Nabil', 'Nabil bl banane', 25),
(1297, 'Pizza Nabil', 'Nabil bl banane', 25),
(1298, 'Pizza Nabil', 'Nabil bl banane', 25),
(1299, 'Pizza Nabil', 'Nabil bl banane', 25),
(1300, 'Pizza Nabil', 'Nabil bl banane', 25),
(1301, 'Pizza Nabil', 'Nabil bl banane', 25),
(1302, 'Pizza Nabil', 'Nabil bl banane', 25),
(1303, 'Pizza Nabil', 'Nabil bl banane', 25),
(1304, 'Pizza Nabil', 'Nabil bl banane', 25),
(1305, 'Pizza Nabil', 'Nabil bl banane', 25),
(1306, 'Pizza Nabil', 'Nabil bl banane', 25),
(1307, 'Pizza Nabil', 'Nabil bl banane', 25),
(1308, 'Pizza Nabil', 'Nabil bl banane', 25),
(1309, 'Pizza Nabil', 'Nabil bl banane', 25),
(1310, 'Pizza Nabil', 'Nabil bl banane', 25),
(1311, 'Pizza Nabil', 'Nabil bl banane', 25),
(1312, 'Pizza Nabil', 'Nabil bl banane', 25),
(1313, 'Pizza Nabil', 'Nabil bl banane', 25),
(1314, 'Pizza Nabil', 'Nabil bl banane', 25),
(1315, 'Pizza Nabil', 'Nabil bl banane', 25),
(1316, 'Pizza Nabil', 'Nabil bl banane', 25),
(1317, 'Pizza Nabil', 'Nabil bl banane', 25),
(1318, 'Pizza Nabil', 'Nabil bl banane', 25),
(1319, 'Pizza Nabil', 'Nabil bl banane', 25),
(1320, 'Pizza Nabil', 'Nabil bl banane', 25),
(1321, 'Pizza Nabil', 'Nabil bl banane', 25),
(1322, 'Pizza Nabil', 'Nabil bl banane', 25),
(1323, 'Pizza Nabil', 'Nabil bl banane', 25),
(1324, 'Pizza Nabil', 'Nabil bl banane', 25),
(1325, 'Pizza Nabil', 'Nabil bl banane', 25),
(1326, 'Pizza Nabil', 'Nabil bl banane', 25),
(1327, 'Pizza Nabil', 'Nabil bl banane', 25),
(1328, 'Pizza Nabil', 'Nabil bl banane', 25),
(1329, 'Pizza Nabil', 'Nabil bl banane', 25),
(1330, 'Pizza Nabil', 'Nabil bl banane', 25),
(1331, 'Pizza Nabil', 'Nabil bl banane', 25),
(1332, 'Pizza Nabil', 'Nabil bl banane', 25),
(1333, 'Pizza Nabil', 'Nabil bl banane', 25),
(1334, 'Pizza Nabil', 'Nabil bl banane', 25),
(1335, 'Pizza Nabil', 'Nabil bl banane', 25),
(1336, 'Pizza Nabil', 'Nabil bl banane', 25),
(1337, 'Pizza Nabil', 'Nabil bl banane', 25),
(1338, 'Pizza Nabil', 'Nabil bl banane', 25),
(1339, 'Pizza Nabil', 'Nabil bl banane', 25),
(1340, 'Pizza Nabil', 'Nabil bl banane', 25),
(1341, 'Pizza Nabil', 'Nabil bl banane', 25),
(1342, 'Pizza Nabil', 'Nabil bl banane', 25),
(1343, 'Pizza Nabil', 'Nabil bl banane', 25),
(1344, 'Pizza Nabil', 'Nabil bl banane', 25),
(1345, 'Pizza Nabil', 'Nabil bl banane', 25),
(1346, 'Pizza Nabil', 'Nabil bl banane', 25),
(1347, 'Pizza Nabil', 'Nabil bl banane', 25),
(1348, 'Pizza Nabil', 'Nabil bl banane', 25),
(1349, 'Pizza Nabil', 'Nabil bl banane', 25),
(1350, 'Pizza Nabil', 'Nabil bl banane', 25),
(1351, 'Pizza Nabil', 'Nabil bl banane', 25),
(1352, 'Pizza Nabil', 'Nabil bl banane', 25),
(1353, 'Pizza Nabil', 'Nabil bl banane', 25),
(1354, 'Pizza Nabil', 'Nabil bl banane', 25),
(1355, 'Pizza Nabil', 'Nabil bl banane', 25),
(1356, 'Pizza Nabil', 'Nabil bl banane', 25),
(1357, 'Pizza Nabil', 'Nabil bl banane', 25),
(1358, 'Pizza Nabil', 'Nabil bl banane', 25),
(1359, 'Pizza Nabil', 'Nabil bl banane', 25),
(1360, 'Pizza Nabil', 'Nabil bl banane', 25),
(1361, 'Pizza Nabil', 'Nabil bl banane', 25),
(1362, 'Pizza Nabil', 'Nabil bl banane', 25),
(1363, 'Pizza Nabil', 'Nabil bl banane', 25),
(1364, 'Pizza Nabil', 'Nabil bl banane', 25),
(1365, 'Pizza Nabil', 'Nabil bl banane', 25),
(1366, 'Pizza Nabil', 'Nabil bl banane', 25),
(1367, 'Pizza Nabil', 'Nabil bl banane', 25),
(1368, 'Pizza Nabil', 'Nabil bl banane', 25),
(1369, 'Pizza Nabil', 'Nabil bl banane', 25),
(1370, 'Pizza Nabil', 'Nabil bl banane', 25),
(1371, 'Pizza Nabil', 'Nabil bl banane', 25),
(1372, 'Pizza Nabil', 'Nabil bl banane', 25),
(1373, 'Pizza Nabil', 'Nabil bl banane', 25),
(1374, 'Pizza Nabil', 'Nabil bl banane', 25),
(1375, 'Pizza Nabil', 'Nabil bl banane', 25),
(1376, 'Pizza Nabil', 'Nabil bl banane', 25),
(1377, 'Pizza Nabil', 'Nabil bl banane', 25),
(1378, 'Pizza Nabil', 'Nabil bl banane', 25),
(1379, 'Pizza Nabil', 'Nabil bl banane', 25),
(1380, 'Pizza Nabil', 'Nabil bl banane', 25),
(1381, 'Pizza Nabil', 'Nabil bl banane', 25),
(1382, 'Pizza Nabil', 'Nabil bl banane', 25),
(1383, 'Pizza Nabil', 'Nabil bl banane', 25),
(1384, 'Pizza Nabil', 'Nabil bl banane', 25),
(1385, 'Pizza Nabil', 'Nabil bl banane', 25),
(1386, 'Pizza Nabil', 'Nabil bl banane', 25),
(1387, 'Pizza Nabil', 'Nabil bl banane', 25),
(1388, 'Pizza Nabil', 'Nabil bl banane', 25),
(1389, 'Pizza Nabil', 'Nabil bl banane', 25),
(1390, 'Pizza Nabil', 'Nabil bl banane', 25),
(1391, 'Pizza Nabil', 'Nabil bl banane', 25),
(1392, 'Pizza Nabil', 'Nabil bl banane', 25),
(1393, 'Pizza Nabil', 'Nabil bl banane', 25),
(1394, 'Pizza Nabil', 'Nabil bl banane', 25),
(1395, 'Pizza Nabil', 'Nabil bl banane', 25),
(1396, 'Pizza Nabil', 'Nabil bl banane', 25),
(1397, 'Pizza Nabil', 'Nabil bl banane', 25),
(1398, 'Pizza Nabil', 'Nabil bl banane', 25),
(1399, 'Pizza Nabil', 'Nabil bl banane', 25),
(1400, 'Pizza Nabil', 'Nabil bl banane', 25),
(1401, 'Pizza Nabil', 'Nabil bl banane', 25),
(1402, 'Pizza Nabil', 'Nabil bl banane', 25),
(1403, 'Pizza Nabil', 'Nabil bl banane', 25),
(1404, 'Pizza Nabil', 'Nabil bl banane', 25),
(1405, 'Pizza Nabil', 'Nabil bl banane', 25),
(1406, 'Pizza Nabil', 'Nabil bl banane', 25),
(1407, 'Pizza Nabil', 'Nabil bl banane', 25),
(1408, 'Pizza Nabil', 'Nabil bl banane', 25),
(1409, 'Pizza Nabil', 'Nabil bl banane', 25),
(1410, 'Pizza Nabil', 'Nabil bl banane', 25),
(1411, 'Pizza Nabil', 'Nabil bl banane', 25),
(1412, 'Pizza Nabil', 'Nabil bl banane', 25),
(1413, 'Pizza Nabil', 'Nabil bl banane', 25),
(1414, 'Pizza Nabil', 'Nabil bl banane', 25),
(1415, 'Pizza Nabil', 'Nabil bl banane', 25),
(1416, 'Pizza Nabil', 'Nabil bl banane', 25),
(1417, 'Pizza Nabil', 'Nabil bl banane', 25),
(1418, 'Pizza Nabil', 'Nabil bl banane', 25),
(1419, 'Pizza Nabil', 'Nabil bl banane', 25),
(1420, 'Pizza Nabil', 'Nabil bl banane', 25),
(1421, 'Pizza Nabil', 'Nabil bl banane', 25),
(1422, 'Pizza Nabil', 'Nabil bl banane', 25),
(1423, 'Pizza Nabil', 'Nabil bl banane', 25),
(1424, 'Pizza Nabil', 'Nabil bl banane', 25),
(1425, 'Pizza Nabil', 'Nabil bl banane', 25),
(1426, 'Pizza Nabil', 'Nabil bl banane', 25),
(1427, 'Pizza Nabil', 'Nabil bl banane', 25),
(1428, 'Pizza Nabil', 'Nabil bl banane', 25),
(1429, 'Pizza Nabil', 'Nabil bl banane', 25),
(1430, 'Pizza Nabil', 'Nabil bl banane', 25),
(1431, 'Pizza Nabil', 'Nabil bl banane', 25),
(1432, 'Pizza Nabil', 'Nabil bl banane', 25),
(1433, 'Pizza Nabil', 'Nabil bl banane', 25),
(1434, 'Pizza Nabil', 'Nabil bl banane', 25),
(1435, 'Pizza Nabil', 'Nabil bl banane', 25),
(1436, 'Pizza Nabil', 'Nabil bl banane', 25),
(1437, 'Pizza Nabil', 'Nabil bl banane', 25),
(1438, 'Pizza Nabil', 'Nabil bl banane', 25),
(1439, 'Pizza Nabil', 'Nabil bl banane', 25),
(1440, 'Pizza Nabil', 'Nabil bl banane', 25),
(1441, 'Pizza Nabil', 'Nabil bl banane', 25),
(1442, 'Pizza Nabil', 'Nabil bl banane', 25),
(1443, 'Pizza Nabil', 'Nabil bl banane', 25),
(1444, 'Pizza Nabil', 'Nabil bl banane', 25),
(1445, 'Pizza Nabil', 'Nabil bl banane', 25),
(1446, 'Pizza Nabil', 'Nabil bl banane', 25),
(1447, 'Pizza Nabil', 'Nabil bl banane', 25),
(1448, 'Pizza Nabil', 'Nabil bl banane', 25),
(1449, 'Pizza Nabil', 'Nabil bl banane', 25),
(1450, 'Pizza Nabil', 'Nabil bl banane', 25),
(1451, 'Pizza Nabil', 'Nabil bl banane', 25),
(1452, 'Pizza Nabil', 'Nabil bl banane', 25),
(1453, 'Pizza Nabil', 'Nabil bl banane', 25),
(1454, 'Pizza Nabil', 'Nabil bl banane', 25),
(1455, 'Pizza Nabil', 'Nabil bl banane', 25),
(1456, 'Pizza Nabil', 'Nabil bl banane', 25),
(1457, 'Pizza Nabil', 'Nabil bl banane', 25),
(1458, 'Pizza Nabil', 'Nabil bl banane', 25),
(1459, 'Pizza Nabil', 'Nabil bl banane', 25),
(1460, 'Pizza Nabil', 'Nabil bl banane', 25),
(1461, 'Pizza Nabil', 'Nabil bl banane', 25),
(1462, 'Pizza Nabil', 'Nabil bl banane', 25),
(1463, 'Pizza Nabil', 'Nabil bl banane', 25),
(1464, 'Pizza Nabil', 'Nabil bl banane', 25),
(1465, 'Pizza Nabil', 'Nabil bl banane', 25),
(1466, 'Pizza Nabil', 'Nabil bl banane', 25),
(1467, 'Pizza Nabil', 'Nabil bl banane', 25),
(1468, 'Pizza Nabil', 'Nabil bl banane', 25),
(1469, 'Pizza Nabil', 'Nabil bl banane', 25),
(1470, 'Pizza Nabil', 'Nabil bl banane', 25),
(1471, 'Pizza Nabil', 'Nabil bl banane', 25),
(1472, 'Pizza Nabil', 'Nabil bl banane', 25),
(1473, 'Pizza Nabil', 'Nabil bl banane', 25),
(1474, 'Pizza Nabil', 'Nabil bl banane', 25),
(1475, 'Pizza Nabil', 'Nabil bl banane', 25),
(1476, 'Pizza Nabil', 'Nabil bl banane', 25),
(1477, 'Pizza Nabil', 'Nabil bl banane', 25),
(1478, 'Pizza Nabil', 'Nabil bl banane', 25),
(1479, 'Pizza Nabil', 'Nabil bl banane', 25),
(1480, 'Pizza Nabil', 'Nabil bl banane', 25),
(1481, 'Pizza Nabil', 'Nabil bl banane', 25),
(1482, 'Pizza Nabil', 'Nabil bl banane', 25),
(1483, 'Pizza Nabil', 'Nabil bl banane', 25),
(1484, 'Pizza Nabil', 'Nabil bl banane', 25),
(1485, 'Pizza Nabil', 'Nabil bl banane', 25),
(1486, 'Pizza Nabil', 'Nabil bl banane', 25),
(1487, 'Pizza Nabil', 'Nabil bl banane', 25),
(1488, 'Pizza Nabil', 'Nabil bl banane', 25),
(1489, 'Pizza Nabil', 'Nabil bl banane', 25),
(1490, 'Pizza Nabil', 'Nabil bl banane', 25),
(1491, 'Pizza Nabil', 'Nabil bl banane', 25),
(1492, 'Pizza Nabil', 'Nabil bl banane', 25),
(1493, 'Pizza Nabil', 'Nabil bl banane', 25),
(1494, 'Pizza Nabil', 'Nabil bl banane', 25),
(1495, 'Pizza Nabil', 'Nabil bl banane', 25),
(1496, 'Pizza Nabil', 'Nabil bl banane', 25),
(1497, 'Pizza Nabil', 'Nabil bl banane', 25),
(1498, 'Pizza Nabil', 'Nabil bl banane', 25),
(1499, 'Pizza Nabil', 'Nabil bl banane', 25),
(1500, 'Pizza Nabil', 'Nabil bl banane', 25),
(1501, 'Pizza Nabil', 'Nabil bl banane', 25),
(1502, 'Pizza Nabil', 'Nabil bl banane', 25),
(1503, 'Pizza Nabil', 'Nabil bl banane', 25),
(1504, 'Pizza Nabil', 'Nabil bl banane', 25),
(1505, 'Pizza Nabil', 'Nabil bl banane', 25),
(1506, 'Pizza Nabil', 'Nabil bl banane', 25),
(1507, 'Pizza Nabil', 'Nabil bl banane', 25),
(1508, 'Pizza Nabil', 'Nabil bl banane', 25),
(1509, 'Pizza Nabil', 'Nabil bl banane', 25),
(1510, 'Pizza Nabil', 'Nabil bl banane', 25),
(1511, 'Pizza Nabil', 'Nabil bl banane', 25),
(1512, 'Pizza Nabil', 'Nabil bl banane', 25),
(1513, 'Pizza Nabil', 'Nabil bl banane', 25),
(1514, 'Pizza Nabil', 'Nabil bl banane', 25),
(1515, 'Pizza Nabil', 'Nabil bl banane', 25),
(1516, 'Pizza Nabil', 'Nabil bl banane', 25),
(1517, 'Pizza Nabil', 'Nabil bl banane', 25),
(1518, 'Pizza Nabil', 'Nabil bl banane', 25),
(1519, 'Pizza Nabil', 'Nabil bl banane', 25),
(1520, 'Pizza Nabil', 'Nabil bl banane', 25),
(1521, 'Pizza Nabil', 'Nabil bl banane', 25),
(1522, 'Pizza Nabil', 'Nabil bl banane', 25),
(1523, 'Pizza Nabil', 'Nabil bl banane', 25),
(1524, 'Pizza Nabil', 'Nabil bl banane', 25),
(1525, 'Pizza Nabil', 'Nabil bl banane', 25),
(1526, 'Pizza Nabil', 'Nabil bl banane', 25),
(1527, 'Pizza Nabil', 'Nabil bl banane', 25),
(1528, 'Pizza Nabil', 'Nabil bl banane', 25),
(1529, 'Pizza Nabil', 'Nabil bl banane', 25),
(1530, 'Pizza Nabil', 'Nabil bl banane', 25),
(1531, 'Pizza Nabil', 'Nabil bl banane', 25),
(1532, 'Pizza Nabil', 'Nabil bl banane', 25),
(1533, 'Pizza Nabil', 'Nabil bl banane', 25),
(1534, 'Pizza Nabil', 'Nabil bl banane', 25),
(1535, 'Pizza Nabil', 'Nabil bl banane', 25),
(1536, 'Pizza Nabil', 'Nabil bl banane', 25),
(1537, 'Pizza Nabil', 'Nabil bl banane', 25),
(1538, 'Pizza Nabil', 'Nabil bl banane', 25),
(1539, 'Pizza Nabil', 'Nabil bl banane', 25),
(1540, 'Pizza Nabil', 'Nabil bl banane', 25),
(1541, 'Pizza Nabil', 'Nabil bl banane', 25),
(1542, 'Pizza Nabil', 'Nabil bl banane', 25),
(1543, 'Pizza Nabil', 'Nabil bl banane', 25),
(1544, 'Pizza Nabil', 'Nabil bl banane', 25),
(1545, 'Pizza Nabil', 'Nabil bl banane', 25),
(1546, 'Pizza Nabil', 'Nabil bl banane', 25),
(1547, 'Pizza Nabil', 'Nabil bl banane', 25),
(1548, 'Pizza Nabil', 'Nabil bl banane', 25),
(1549, 'Pizza Nabil', 'Nabil bl banane', 25),
(1550, 'Pizza Nabil', 'Nabil bl banane', 25),
(1551, 'Pizza Nabil', 'Nabil bl banane', 25),
(1552, 'Pizza Nabil', 'Nabil bl banane', 25),
(1553, 'Pizza Nabil', 'Nabil bl banane', 25),
(1554, 'Pizza Nabil', 'Nabil bl banane', 25),
(1555, 'Pizza Nabil', 'Nabil bl banane', 25),
(1556, 'Pizza Nabil', 'Nabil bl banane', 25),
(1557, 'Pizza Nabil', 'Nabil bl banane', 25),
(1558, 'Pizza Nabil', 'Nabil bl banane', 25),
(1559, 'Pizza Nabil', 'Nabil bl banane', 25),
(1560, 'Pizza Nabil', 'Nabil bl banane', 25),
(1561, 'Pizza Nabil', 'Nabil bl banane', 25),
(1562, 'Pizza Nabil', 'Nabil bl banane', 25),
(1563, 'Pizza Nabil', 'Nabil bl banane', 25),
(1564, 'Pizza Nabil', 'Nabil bl banane', 25),
(1565, 'Pizza Nabil', 'Nabil bl banane', 25),
(1566, 'Pizza Nabil', 'Nabil bl banane', 25),
(1567, 'Pizza Nabil', 'Nabil bl banane', 25),
(1568, 'Pizza Nabil', 'Nabil bl banane', 25),
(1569, 'Pizza Nabil', 'Nabil bl banane', 25),
(1570, 'Pizza Nabil', 'Nabil bl banane', 25),
(1571, 'Pizza Nabil', 'Nabil bl banane', 25),
(1572, 'Pizza Nabil', 'Nabil bl banane', 25),
(1573, 'Pizza Nabil', 'Nabil bl banane', 25),
(1574, 'Pizza Nabil', 'Nabil bl banane', 25),
(1575, 'Pizza Nabil', 'Nabil bl banane', 25),
(1576, 'Pizza Nabil', 'Nabil bl banane', 25),
(1577, 'Pizza Nabil', 'Nabil bl banane', 25),
(1578, 'Pizza Nabil', 'Nabil bl banane', 25),
(1579, 'Pizza Nabil', 'Nabil bl banane', 25),
(1580, 'Pizza Nabil', 'Nabil bl banane', 25),
(1581, 'Pizza Nabil', 'Nabil bl banane', 25),
(1582, 'Pizza Nabil', 'Nabil bl banane', 25),
(1583, 'Pizza Nabil', 'Nabil bl banane', 25),
(1584, 'Pizza Nabil', 'Nabil bl banane', 25),
(1585, 'Pizza Nabil', 'Nabil bl banane', 25),
(1586, 'Pizza Nabil', 'Nabil bl banane', 25),
(1587, 'Pizza Nabil', 'Nabil bl banane', 25),
(1588, 'Pizza Nabil', 'Nabil bl banane', 25),
(1589, 'Pizza Nabil', 'Nabil bl banane', 25),
(1590, 'Pizza Nabil', 'Nabil bl banane', 25),
(1591, 'Pizza Nabil', 'Nabil bl banane', 25),
(1592, 'Pizza Nabil', 'Nabil bl banane', 25),
(1593, 'Pizza Nabil', 'Nabil bl banane', 25),
(1594, 'Pizza Nabil', 'Nabil bl banane', 25),
(1595, 'Pizza Nabil', 'Nabil bl banane', 25),
(1596, 'Pizza Nabil', 'Nabil bl banane', 25),
(1597, '4 fromages', 'Pour les fans de fromage', 32.2),
(1598, '4 fromages', 'Pour les fans de fromage', 32.2);

-- --------------------------------------------------------

--
-- Structure de la table `pizza_ingredient`
--

CREATE TABLE `pizza_ingredient` (
  `pizza_id` int(11) NOT NULL,
  `ingredient_id` int(11) NOT NULL
) ENGINE=InnoDB DEFAULT CHARSET=utf8mb4 COLLATE=utf8mb4_unicode_ci;

--
-- Contenu de la table `pizza_ingredient`
--

INSERT INTO `pizza_ingredient` (`pizza_id`, `ingredient_id`) VALUES
(1, 2),
(3, 2),
(6, 6),
(7, 7),
(7, 8),
(8, 9),
(9, 10),
(10, 5),
(11, 1),
(12, 5),
(13, 5),
(14, 3),
(15, 3),
(16, 1),
(17, 1),
(18, 1),
(19, 1),
(20, 1),
(21, 1),
(22, 1),
(23, 5),
(24, 5),
(25, 5),
(26, 5),
(27, 5),
(28, 5),
(29, 5),
(30, 5),
(31, 5),
(32, 5),
(33, 5),
(34, 5),
(35, 5),
(36, 5),
(37, 5),
(38, 5),
(39, 5),
(40, 5),
(41, 5),
(42, 5),
(43, 5),
(44, 5),
(45, 5),
(46, 5),
(47, 5),
(48, 5),
(49, 5),
(50, 5),
(51, 5),
(52, 5),
(53, 5),
(54, 5),
(55, 5),
(56, 5),
(57, 5),
(58, 5),
(59, 5),
(60, 5),
(61, 5),
(62, 5),
(63, 5),
(64, 5),
(65, 5),
(66, 5),
(67, 5),
(68, 5),
(69, 5),
(70, 5),
(71, 5),
(72, 5),
(73, 5),
(74, 5),
(75, 5),
(76, 5),
(77, 5),
(78, 5),
(79, 5),
(80, 5),
(81, 5),
(82, 5),
(83, 5),
(84, 5),
(85, 5),
(86, 5),
(87, 5),
(88, 5),
(89, 5),
(90, 5),
(91, 5),
(92, 5),
(93, 5),
(94, 5),
(95, 5),
(96, 5),
(97, 5),
(98, 5),
(99, 5),
(100, 5),
(101, 5),
(102, 5),
(103, 5),
(104, 5),
(105, 5),
(106, 5),
(107, 5),
(108, 5),
(109, 5),
(110, 5),
(111, 5),
(112, 5),
(113, 5),
(114, 5),
(115, 5),
(116, 5),
(117, 5),
(118, 5),
(119, 5),
(120, 5),
(121, 5),
(122, 5),
(123, 5),
(124, 5),
(125, 5),
(126, 5),
(127, 5),
(128, 5),
(129, 5),
(130, 5),
(131, 5),
(132, 5),
(133, 5),
(134, 5),
(135, 5),
(136, 5),
(137, 5),
(138, 5),
(139, 5),
(140, 5),
(141, 5),
(142, 5),
(143, 5),
(144, 5),
(145, 5),
(146, 5),
(147, 5),
(148, 5),
(149, 5),
(150, 5),
(151, 5),
(152, 5),
(153, 5),
(154, 5),
(155, 5),
(156, 5),
(157, 5),
(158, 5),
(159, 5),
(160, 5),
(161, 5),
(162, 5),
(163, 5),
(164, 5),
(165, 5),
(166, 5),
(167, 5),
(168, 5),
(169, 5),
(170, 5),
(171, 5),
(172, 5),
(173, 5),
(174, 5),
(175, 5),
(176, 5),
(177, 5),
(178, 5),
(179, 5),
(180, 5),
(181, 5),
(182, 5),
(183, 5),
(184, 5),
(185, 5),
(186, 5),
(187, 5),
(188, 5),
(189, 5),
(190, 5),
(191, 5),
(192, 5),
(193, 5),
(194, 5),
(195, 5),
(196, 5),
(197, 5),
(198, 5),
(199, 5),
(200, 5),
(201, 5),
(202, 5),
(203, 5),
(204, 5),
(205, 5),
(206, 5),
(207, 5),
(208, 5),
(209, 5),
(210, 5),
(211, 5),
(212, 5),
(213, 5),
(214, 5),
(215, 5),
(216, 5),
(217, 5),
(218, 5),
(219, 5),
(220, 5),
(221, 5),
(222, 5),
(223, 5),
(224, 5),
(225, 5),
(226, 5),
(227, 5),
(228, 5),
(229, 5),
(230, 5),
(231, 5),
(232, 5),
(233, 5),
(234, 5),
(235, 5),
(236, 5),
(237, 5),
(238, 5),
(239, 5),
(240, 5),
(241, 5),
(242, 5),
(243, 5),
(244, 5),
(245, 5),
(246, 5),
(247, 5),
(248, 5),
(249, 5),
(250, 5),
(251, 5),
(252, 5),
(253, 5),
(254, 5),
(255, 5),
(256, 5),
(257, 5),
(258, 5),
(259, 5),
(260, 5),
(261, 5),
(262, 5),
(263, 5),
(264, 5),
(265, 5),
(266, 5),
(267, 5),
(268, 5),
(269, 5),
(270, 5),
(271, 5),
(272, 5),
(273, 5),
(274, 5),
(275, 5),
(276, 5),
(277, 5),
(278, 5),
(279, 5),
(280, 5),
(281, 5),
(282, 5),
(283, 5),
(284, 5),
(285, 5),
(286, 5),
(287, 5),
(288, 5),
(289, 5),
(290, 5),
(291, 5),
(292, 5),
(293, 5),
(294, 5),
(295, 5),
(296, 5),
(297, 5),
(298, 5),
(299, 5),
(300, 5),
(301, 5),
(302, 5),
(303, 5),
(304, 5),
(305, 5),
(306, 5),
(307, 5),
(308, 5),
(309, 5),
(310, 5),
(311, 5),
(312, 5),
(313, 5),
(314, 5),
(315, 5),
(316, 5),
(317, 5),
(318, 5),
(319, 5),
(320, 5),
(321, 5),
(322, 5),
(323, 5),
(324, 5),
(325, 5),
(326, 5),
(327, 5),
(328, 5),
(329, 5),
(330, 5),
(331, 5),
(332, 5),
(333, 5),
(334, 5),
(335, 5),
(336, 5),
(337, 5),
(338, 5),
(339, 5),
(340, 5),
(341, 5),
(342, 5),
(343, 5),
(344, 5),
(345, 5),
(346, 5),
(347, 5),
(348, 5),
(349, 5),
(350, 5),
(351, 5),
(352, 5),
(353, 5),
(354, 5),
(355, 5),
(356, 5),
(357, 5),
(358, 5),
(359, 5),
(360, 5),
(361, 5),
(362, 5),
(363, 5),
(364, 5),
(365, 5),
(366, 5),
(367, 5),
(368, 5),
(369, 5),
(370, 5),
(371, 5),
(372, 5),
(373, 5),
(374, 5),
(375, 5),
(376, 5),
(377, 5),
(378, 5),
(379, 5),
(380, 5),
(381, 5),
(382, 5),
(383, 5),
(384, 5),
(385, 5),
(386, 5),
(387, 5),
(388, 5),
(389, 5),
(390, 5),
(391, 5),
(392, 5),
(393, 5),
(394, 5),
(395, 5),
(396, 5),
(397, 5),
(398, 5),
(399, 5),
(400, 5),
(401, 5),
(402, 5),
(403, 5),
(404, 5),
(405, 5),
(406, 5),
(407, 5),
(408, 5),
(409, 5),
(410, 5),
(411, 5),
(412, 5),
(413, 5),
(414, 5),
(415, 5),
(416, 5),
(417, 5),
(418, 5),
(419, 5),
(420, 5),
(421, 5),
(422, 5),
(423, 5),
(424, 5),
(425, 5),
(426, 5),
(427, 5),
(428, 5),
(429, 5),
(430, 5),
(431, 5),
(432, 5),
(433, 5),
(434, 5),
(435, 5),
(436, 5),
(437, 5),
(438, 5),
(439, 5),
(440, 5),
(441, 5),
(442, 5),
(443, 5),
(444, 5),
(445, 5),
(446, 5),
(447, 5),
(448, 5),
(449, 5),
(450, 5),
(451, 5),
(452, 5),
(453, 5),
(454, 5),
(455, 5),
(456, 5),
(457, 5),
(458, 5),
(459, 5),
(460, 5),
(461, 5),
(462, 5),
(463, 5),
(464, 5),
(465, 5),
(466, 5),
(467, 5),
(468, 5),
(469, 5),
(470, 5),
(471, 5),
(472, 5),
(473, 5),
(474, 5),
(475, 5),
(476, 5),
(477, 5),
(478, 5),
(479, 5),
(480, 5),
(481, 5),
(482, 5),
(483, 5),
(484, 5),
(485, 5),
(486, 5),
(487, 5),
(488, 5),
(489, 5),
(490, 5),
(491, 5),
(492, 5),
(493, 5),
(494, 5),
(495, 5),
(496, 5),
(497, 5),
(498, 5),
(499, 5),
(500, 5),
(501, 5),
(502, 5),
(503, 5),
(504, 5),
(505, 5),
(506, 5),
(507, 5),
(508, 5),
(509, 5),
(510, 5),
(511, 5),
(512, 5),
(513, 5),
(514, 5),
(515, 5),
(516, 5),
(517, 5),
(518, 5),
(519, 5),
(520, 5),
(521, 5),
(522, 5),
(523, 5),
(524, 5),
(525, 5),
(526, 5),
(527, 5),
(528, 5),
(529, 5),
(530, 5),
(531, 5),
(532, 5),
(533, 5),
(534, 5),
(535, 5),
(536, 5),
(537, 5),
(538, 5),
(539, 5),
(540, 5),
(541, 5),
(542, 5),
(543, 5),
(544, 5),
(545, 5),
(546, 5),
(547, 5),
(548, 5),
(549, 5),
(550, 5),
(551, 5),
(552, 5),
(553, 5),
(554, 5),
(555, 5),
(556, 5),
(557, 5),
(558, 5),
(559, 5),
(560, 5),
(561, 5),
(562, 5),
(563, 5),
(564, 5),
(565, 5),
(566, 5),
(567, 5),
(568, 5),
(569, 5),
(570, 5),
(571, 5),
(572, 5),
(573, 5),
(574, 5),
(575, 5),
(576, 5),
(577, 5),
(578, 5),
(579, 5),
(580, 5),
(581, 5),
(582, 5),
(583, 5),
(584, 5),
(585, 5),
(586, 5),
(587, 5),
(588, 5),
(589, 5),
(590, 5),
(591, 5),
(592, 5),
(593, 5),
(594, 5),
(595, 5),
(596, 5),
(597, 5),
(598, 5),
(599, 5),
(600, 5),
(601, 5),
(602, 5),
(603, 5),
(604, 5),
(605, 5),
(606, 5),
(607, 5),
(608, 5),
(609, 5),
(610, 5),
(611, 5),
(612, 5),
(613, 5),
(614, 5),
(615, 5),
(616, 5),
(617, 5),
(618, 5),
(619, 5),
(620, 5),
(621, 5),
(622, 5),
(623, 5),
(624, 5),
(625, 5),
(626, 5),
(627, 5),
(628, 5),
(629, 5),
(630, 5),
(631, 5),
(632, 5),
(633, 5),
(634, 5),
(635, 5),
(636, 5),
(637, 5),
(638, 5),
(639, 5),
(640, 5),
(641, 5),
(642, 5),
(643, 5),
(644, 5),
(645, 5),
(646, 5),
(647, 5),
(648, 5),
(649, 5),
(650, 5),
(651, 5),
(652, 5),
(653, 5),
(654, 5),
(655, 5),
(656, 5),
(657, 5),
(658, 5),
(659, 5),
(660, 5),
(661, 5),
(662, 5),
(663, 5),
(664, 5),
(665, 5),
(666, 5),
(667, 5),
(668, 5),
(669, 5),
(670, 5),
(671, 5),
(672, 5),
(673, 5),
(674, 5),
(675, 5),
(676, 5),
(677, 5),
(678, 5),
(679, 5),
(680, 5),
(681, 5),
(682, 5),
(683, 5),
(684, 5),
(685, 5),
(686, 5),
(687, 5),
(688, 5),
(689, 5),
(690, 5),
(691, 5),
(692, 5),
(693, 5),
(694, 5),
(695, 5),
(696, 5),
(697, 5),
(698, 5),
(699, 5),
(700, 5),
(701, 5),
(702, 5),
(703, 5),
(704, 5),
(705, 5),
(706, 5),
(707, 5),
(708, 5),
(709, 5),
(710, 5),
(711, 5),
(712, 5),
(713, 5),
(714, 5),
(715, 5),
(716, 5),
(717, 5),
(718, 5),
(719, 5),
(720, 5),
(721, 5),
(722, 5),
(723, 5),
(724, 5),
(725, 5),
(726, 5),
(727, 5),
(728, 5),
(729, 5),
(730, 5),
(731, 5),
(732, 5),
(733, 5),
(734, 5),
(735, 5),
(736, 5),
(737, 5),
(738, 5),
(739, 5),
(740, 5),
(741, 5),
(742, 5),
(743, 5),
(744, 5),
(745, 5),
(746, 5),
(747, 5),
(748, 5),
(749, 5),
(750, 5),
(751, 5),
(752, 5),
(753, 5),
(754, 5),
(755, 5),
(756, 5),
(757, 5),
(758, 5),
(759, 5),
(760, 5),
(761, 5),
(762, 5),
(763, 5),
(764, 5),
(765, 5),
(766, 5),
(767, 5),
(768, 5),
(769, 5),
(770, 5),
(771, 5),
(772, 5),
(773, 5),
(774, 5),
(775, 5),
(776, 5),
(777, 5),
(778, 5),
(779, 5),
(780, 5),
(781, 5),
(782, 5),
(783, 5),
(784, 5),
(785, 5),
(786, 5),
(787, 5),
(788, 5),
(789, 5),
(790, 5),
(791, 5),
(792, 5),
(793, 5),
(794, 5),
(795, 5),
(796, 5),
(797, 5),
(798, 5),
(799, 5),
(800, 5),
(801, 5),
(802, 5),
(803, 5),
(804, 5),
(805, 5),
(806, 5),
(807, 5),
(808, 5),
(809, 5),
(810, 1),
(811, 1),
(812, 1),
(813, 1),
(814, 1),
(815, 1),
(816, 1),
(817, 1),
(818, 1),
(819, 1),
(820, 1),
(821, 1),
(822, 1),
(823, 1),
(824, 1),
(825, 1),
(826, 1),
(827, 1),
(828, 1),
(829, 1),
(830, 1),
(831, 1),
(832, 1),
(833, 1),
(834, 1),
(835, 1),
(836, 1),
(837, 1),
(838, 1),
(839, 1),
(840, 1),
(841, 1),
(842, 1),
(843, 1),
(844, 1),
(845, 1),
(846, 1),
(847, 1),
(848, 1),
(849, 1),
(850, 1),
(851, 1),
(852, 1),
(853, 1),
(854, 1),
(855, 1),
(856, 1),
(857, 1),
(858, 1),
(859, 1),
(860, 1),
(861, 1),
(862, 1),
(863, 1),
(864, 1),
(865, 1),
(866, 1),
(867, 1),
(868, 1),
(869, 1),
(870, 1),
(871, 1),
(872, 1),
(873, 1),
(874, 1),
(875, 1),
(876, 1),
(877, 1),
(878, 1),
(879, 1),
(880, 1),
(881, 1),
(882, 1),
(883, 1),
(884, 1),
(885, 1),
(886, 1),
(887, 1),
(888, 1),
(889, 1),
(890, 1),
(891, 1),
(892, 1),
(893, 1),
(894, 1),
(895, 1),
(896, 1),
(897, 1),
(898, 1),
(899, 1),
(900, 1),
(901, 1),
(902, 1),
(903, 1),
(904, 1),
(905, 1),
(906, 1),
(907, 1),
(908, 1),
(909, 1),
(910, 1),
(911, 1),
(912, 1),
(913, 1),
(914, 1),
(915, 1),
(916, 1),
(917, 1),
(918, 1),
(919, 1),
(920, 1),
(921, 1),
(922, 1),
(923, 1),
(924, 1),
(925, 1),
(926, 1),
(927, 1),
(928, 1),
(929, 1),
(930, 1),
(931, 1),
(932, 1),
(933, 1),
(934, 1),
(935, 1),
(936, 1),
(937, 1),
(938, 1),
(939, 1),
(940, 1),
(941, 1),
(942, 1),
(943, 1),
(944, 1),
(945, 1),
(946, 1),
(947, 1),
(948, 1),
(949, 1),
(950, 1),
(951, 1),
(952, 1),
(953, 1),
(954, 1),
(955, 1),
(956, 1),
(957, 1),
(958, 1),
(959, 1),
(960, 1),
(961, 1),
(962, 1),
(963, 1),
(964, 1),
(965, 1),
(966, 1),
(967, 1),
(968, 1),
(969, 1),
(970, 1),
(971, 1),
(972, 1),
(973, 1),
(974, 1),
(975, 1),
(976, 1),
(977, 1),
(978, 1),
(979, 1),
(980, 1),
(981, 1),
(982, 1),
(983, 1),
(984, 1),
(985, 1),
(986, 1),
(987, 1),
(988, 1),
(989, 1),
(990, 1),
(991, 1),
(992, 1),
(993, 1),
(994, 1),
(995, 1),
(996, 1),
(997, 1),
(998, 1),
(999, 1),
(1000, 1),
(1001, 1),
(1002, 1),
(1003, 1),
(1004, 1),
(1005, 1),
(1006, 1),
(1007, 1),
(1008, 1),
(1009, 1),
(1010, 1),
(1011, 1),
(1012, 1),
(1013, 1),
(1014, 1),
(1015, 1),
(1016, 1),
(1017, 1),
(1018, 1),
(1019, 1),
(1020, 1),
(1021, 1),
(1022, 1),
(1023, 1),
(1024, 1),
(1025, 1),
(1026, 1),
(1027, 1),
(1028, 1),
(1029, 1),
(1030, 1),
(1031, 1),
(1032, 1),
(1033, 1),
(1034, 1),
(1035, 1),
(1036, 1),
(1037, 1),
(1038, 1),
(1039, 1),
(1040, 1),
(1041, 1),
(1042, 1),
(1043, 1),
(1044, 1),
(1045, 1),
(1046, 1),
(1047, 1),
(1048, 1),
(1049, 1),
(1050, 1),
(1051, 1),
(1052, 1),
(1053, 1),
(1054, 1),
(1055, 1),
(1056, 1),
(1057, 1),
(1058, 1),
(1059, 1),
(1060, 1),
(1061, 1),
(1062, 1),
(1063, 1),
(1064, 1),
(1065, 1),
(1066, 1),
(1067, 1),
(1068, 1),
(1069, 1),
(1070, 1),
(1071, 1),
(1072, 1),
(1073, 1),
(1074, 1),
(1075, 1),
(1076, 1),
(1077, 1),
(1078, 1),
(1079, 1),
(1080, 1),
(1081, 1),
(1082, 1),
(1083, 1),
(1084, 1),
(1085, 1),
(1086, 1),
(1087, 1),
(1088, 1),
(1089, 1),
(1090, 1),
(1091, 1),
(1092, 1),
(1093, 1),
(1094, 1),
(1095, 1),
(1096, 1),
(1097, 1),
(1098, 1),
(1099, 1),
(1100, 1),
(1101, 1),
(1102, 1),
(1103, 1),
(1104, 1),
(1105, 1),
(1106, 1),
(1107, 1),
(1108, 1),
(1109, 1),
(1110, 1),
(1111, 1),
(1112, 1),
(1113, 1),
(1114, 1),
(1115, 1),
(1116, 1),
(1117, 1),
(1118, 1),
(1119, 1),
(1120, 1),
(1121, 1),
(1122, 1),
(1123, 1),
(1124, 1),
(1125, 1),
(1126, 1),
(1127, 1),
(1128, 1),
(1129, 1),
(1130, 1),
(1131, 1),
(1132, 1),
(1133, 1),
(1134, 1),
(1135, 1),
(1136, 1),
(1137, 1),
(1138, 1),
(1139, 1),
(1140, 1),
(1141, 1),
(1142, 1),
(1143, 1),
(1144, 1),
(1145, 1),
(1146, 1),
(1147, 1),
(1148, 1),
(1149, 1),
(1150, 1),
(1151, 1),
(1152, 1),
(1153, 1),
(1154, 1),
(1155, 1),
(1156, 1),
(1157, 1),
(1158, 1),
(1159, 1),
(1160, 1),
(1161, 1),
(1162, 1),
(1163, 1),
(1164, 1),
(1165, 1),
(1166, 1),
(1167, 1),
(1168, 1),
(1169, 1),
(1170, 1),
(1171, 1),
(1172, 1),
(1173, 1),
(1174, 1),
(1175, 1),
(1176, 1),
(1177, 1),
(1178, 1),
(1179, 1),
(1180, 1),
(1181, 1),
(1182, 1),
(1183, 1),
(1184, 1),
(1185, 1),
(1186, 1),
(1187, 1),
(1188, 1),
(1189, 1),
(1190, 1),
(1191, 1),
(1192, 1),
(1193, 1),
(1194, 1),
(1195, 1),
(1196, 1),
(1197, 1),
(1198, 1),
(1199, 1),
(1200, 1),
(1201, 1),
(1202, 1),
(1203, 1),
(1204, 1),
(1205, 1),
(1206, 1),
(1207, 1),
(1208, 1),
(1209, 1),
(1210, 1),
(1211, 1),
(1212, 1),
(1213, 1),
(1214, 1),
(1215, 1),
(1216, 1),
(1217, 1),
(1218, 1),
(1219, 1),
(1220, 1),
(1221, 1),
(1222, 1),
(1223, 1),
(1224, 1),
(1225, 1),
(1226, 1),
(1227, 1),
(1228, 1),
(1229, 1),
(1230, 1),
(1231, 1),
(1232, 1),
(1233, 1),
(1234, 1),
(1235, 1),
(1236, 1),
(1237, 1),
(1238, 1),
(1239, 1),
(1240, 1),
(1241, 1),
(1242, 1),
(1243, 1),
(1244, 1),
(1245, 1),
(1246, 1),
(1247, 1),
(1248, 1),
(1249, 1),
(1250, 1),
(1251, 1),
(1252, 1),
(1253, 1),
(1254, 1),
(1255, 1),
(1256, 1),
(1257, 1),
(1258, 1),
(1259, 1),
(1260, 1),
(1261, 1),
(1262, 1),
(1263, 1),
(1264, 1),
(1265, 1),
(1266, 1),
(1267, 1),
(1268, 1),
(1269, 1),
(1270, 1),
(1271, 1),
(1272, 1),
(1273, 1),
(1274, 1),
(1275, 1),
(1276, 1),
(1277, 1),
(1278, 1),
(1279, 1),
(1280, 1),
(1281, 1),
(1282, 1),
(1283, 1),
(1284, 1),
(1285, 1),
(1286, 1),
(1287, 1),
(1288, 1),
(1289, 1),
(1290, 1),
(1291, 1),
(1292, 1),
(1293, 1),
(1294, 1),
(1295, 1),
(1296, 1),
(1297, 1),
(1298, 1),
(1299, 1),
(1300, 1),
(1301, 1),
(1302, 1),
(1303, 1),
(1304, 1),
(1305, 1),
(1306, 1),
(1307, 1),
(1308, 1),
(1309, 1),
(1310, 1),
(1311, 1),
(1312, 1),
(1313, 1),
(1314, 1),
(1315, 1),
(1316, 1),
(1317, 1),
(1318, 1),
(1319, 1),
(1320, 1),
(1321, 1),
(1322, 1),
(1323, 1),
(1324, 1),
(1325, 1),
(1326, 1),
(1327, 1),
(1328, 1),
(1329, 1),
(1330, 1),
(1331, 1),
(1332, 1),
(1333, 1),
(1334, 1),
(1335, 1),
(1336, 1),
(1337, 1),
(1338, 1),
(1339, 1),
(1340, 1),
(1341, 1),
(1342, 1),
(1343, 1),
(1344, 1),
(1345, 1),
(1346, 1),
(1347, 1),
(1348, 1),
(1349, 1),
(1350, 1),
(1351, 1),
(1352, 1),
(1353, 1),
(1354, 1),
(1355, 1),
(1356, 1),
(1357, 1),
(1358, 1),
(1359, 1),
(1360, 1),
(1361, 1),
(1362, 1),
(1363, 1),
(1364, 1),
(1365, 1),
(1366, 1),
(1367, 1),
(1368, 1),
(1369, 1),
(1370, 1),
(1371, 1),
(1372, 1),
(1373, 1),
(1374, 1),
(1375, 1),
(1376, 1),
(1377, 1),
(1378, 1),
(1379, 1),
(1380, 1),
(1381, 1),
(1382, 1),
(1383, 1),
(1384, 1),
(1385, 1),
(1386, 1),
(1387, 1),
(1388, 1),
(1389, 1),
(1390, 1),
(1391, 1),
(1392, 1),
(1393, 1),
(1394, 1),
(1395, 1),
(1396, 1),
(1397, 1),
(1398, 1),
(1399, 1),
(1400, 1),
(1401, 1),
(1402, 1),
(1403, 1),
(1404, 1),
(1405, 1),
(1406, 1),
(1407, 1),
(1408, 1),
(1409, 1),
(1410, 1),
(1411, 1),
(1412, 1),
(1413, 1),
(1414, 1),
(1415, 1),
(1416, 1),
(1417, 1),
(1418, 1),
(1419, 1),
(1420, 1),
(1421, 1),
(1422, 1),
(1423, 1),
(1424, 1),
(1425, 1),
(1426, 1),
(1427, 1),
(1428, 1),
(1429, 1),
(1430, 1),
(1431, 1),
(1432, 1),
(1433, 1),
(1434, 1),
(1435, 1),
(1436, 1),
(1437, 1),
(1438, 1),
(1439, 1),
(1440, 1),
(1441, 1),
(1442, 1),
(1443, 1),
(1444, 1),
(1445, 1),
(1446, 1),
(1447, 1),
(1448, 1),
(1449, 1),
(1450, 1),
(1451, 1),
(1452, 1),
(1453, 1),
(1454, 1),
(1455, 1),
(1456, 1),
(1457, 1),
(1458, 1),
(1459, 1),
(1460, 1),
(1461, 1),
(1462, 1),
(1463, 1),
(1464, 1),
(1465, 1),
(1466, 1),
(1467, 1),
(1468, 1),
(1469, 1),
(1470, 1),
(1471, 1),
(1472, 1),
(1473, 1),
(1474, 1),
(1475, 1),
(1476, 1),
(1477, 1),
(1478, 1),
(1479, 1),
(1480, 1),
(1481, 1),
(1482, 1),
(1483, 1),
(1484, 1),
(1485, 1),
(1486, 1),
(1487, 1),
(1488, 1),
(1489, 1),
(1490, 1),
(1491, 1),
(1492, 1),
(1493, 1),
(1494, 1),
(1495, 1),
(1496, 1),
(1497, 1),
(1498, 1),
(1499, 1),
(1500, 1),
(1501, 1),
(1502, 1),
(1503, 1),
(1504, 1),
(1505, 1),
(1506, 1),
(1507, 1),
(1508, 1),
(1509, 1),
(1510, 1),
(1511, 1),
(1512, 1),
(1513, 1),
(1514, 1),
(1515, 1),
(1516, 1),
(1517, 1),
(1518, 1),
(1519, 1),
(1520, 1),
(1521, 1),
(1522, 1),
(1523, 1),
(1524, 1),
(1525, 1),
(1526, 1),
(1527, 1),
(1528, 1),
(1529, 1),
(1530, 1),
(1531, 1),
(1532, 1),
(1533, 1),
(1534, 1),
(1535, 1),
(1536, 1),
(1537, 1),
(1538, 1),
(1539, 1),
(1540, 1),
(1541, 1),
(1542, 1),
(1543, 1),
(1544, 1),
(1545, 1),
(1546, 1),
(1547, 1),
(1548, 1),
(1549, 1),
(1550, 1),
(1551, 1),
(1552, 1),
(1553, 1),
(1554, 1),
(1555, 1),
(1556, 1),
(1557, 1),
(1558, 1),
(1559, 1),
(1560, 1),
(1561, 1),
(1562, 1),
(1563, 1),
(1564, 1),
(1565, 1),
(1566, 1),
(1567, 1),
(1568, 1),
(1569, 1),
(1570, 1),
(1571, 1),
(1572, 1),
(1573, 1),
(1574, 1),
(1575, 1),
(1576, 1),
(1577, 1),
(1578, 1),
(1579, 1),
(1580, 1),
(1581, 1),
(1582, 1),
(1583, 1),
(1584, 1),
(1585, 1),
(1586, 1),
(1587, 1),
(1588, 1),
(1589, 1),
(1590, 1),
(1591, 1),
(1592, 1),
(1593, 1),
(1594, 1),
(1595, 1),
(1596, 1),
(1597, 11),
(1597, 12),
(1598, 13),
(1598, 14);

--
-- Index pour les tables exportées
--

--
-- Index pour la table `commande`
--
ALTER TABLE `commande`
  ADD PRIMARY KEY (`id`);

--
-- Index pour la table `commande_pizza`
--
ALTER TABLE `commande_pizza`
  ADD PRIMARY KEY (`commande_id`,`pizza_id`),
  ADD KEY `IDX_F6B55DAC82EA2E54` (`commande_id`),
  ADD KEY `IDX_F6B55DACD41D1D42` (`pizza_id`);

--
-- Index pour la table `fos_user`
--
ALTER TABLE `fos_user`
  ADD PRIMARY KEY (`id`),
  ADD UNIQUE KEY `UNIQ_957A647992FC23A8` (`username_canonical`),
  ADD UNIQUE KEY `UNIQ_957A6479A0D96FBF` (`email_canonical`),
  ADD UNIQUE KEY `UNIQ_957A6479C05FB297` (`confirmation_token`);

--
-- Index pour la table `ingredient`
--
ALTER TABLE `ingredient`
  ADD PRIMARY KEY (`id`);

--
-- Index pour la table `pizza`
--
ALTER TABLE `pizza`
  ADD PRIMARY KEY (`id`);

--
-- Index pour la table `pizza_ingredient`
--
ALTER TABLE `pizza_ingredient`
  ADD PRIMARY KEY (`pizza_id`,`ingredient_id`),
  ADD KEY `IDX_6FF6C03FD41D1D42` (`pizza_id`),
  ADD KEY `IDX_6FF6C03F933FE08C` (`ingredient_id`);

--
-- AUTO_INCREMENT pour les tables exportées
--

--
-- AUTO_INCREMENT pour la table `commande`
--
ALTER TABLE `commande`
  MODIFY `id` int(11) NOT NULL AUTO_INCREMENT, AUTO_INCREMENT=5;
--
-- AUTO_INCREMENT pour la table `fos_user`
--
ALTER TABLE `fos_user`
  MODIFY `id` int(11) NOT NULL AUTO_INCREMENT, AUTO_INCREMENT=2;
--
-- AUTO_INCREMENT pour la table `ingredient`
--
ALTER TABLE `ingredient`
  MODIFY `id` int(11) NOT NULL AUTO_INCREMENT, AUTO_INCREMENT=15;
--
-- AUTO_INCREMENT pour la table `pizza`
--
ALTER TABLE `pizza`
  MODIFY `id` int(11) NOT NULL AUTO_INCREMENT, AUTO_INCREMENT=1599;
--
-- Contraintes pour les tables exportées
--

--
-- Contraintes pour la table `commande_pizza`
--
ALTER TABLE `commande_pizza`
  ADD CONSTRAINT `FK_F6B55DAC82EA2E54` FOREIGN KEY (`commande_id`) REFERENCES `commande` (`id`) ON DELETE CASCADE,
  ADD CONSTRAINT `FK_F6B55DACD41D1D42` FOREIGN KEY (`pizza_id`) REFERENCES `pizza` (`id`) ON DELETE CASCADE;

--
-- Contraintes pour la table `pizza_ingredient`
--
ALTER TABLE `pizza_ingredient`
  ADD CONSTRAINT `FK_6FF6C03F933FE08C` FOREIGN KEY (`ingredient_id`) REFERENCES `ingredient` (`id`) ON DELETE CASCADE,
  ADD CONSTRAINT `FK_6FF6C03FD41D1D42` FOREIGN KEY (`pizza_id`) REFERENCES `pizza` (`id`) ON DELETE CASCADE;

/*!40101 SET CHARACTER_SET_CLIENT=@OLD_CHARACTER_SET_CLIENT */;
/*!40101 SET CHARACTER_SET_RESULTS=@OLD_CHARACTER_SET_RESULTS */;
/*!40101 SET COLLATION_CONNECTION=@OLD_COLLATION_CONNECTION */;
